品类,商品产地,商品名称,规格,箱规,批发价,市场零售价,保质期
食品,西班牙,"塞拉诺
风干火腿后腿切片
100克（15个月以上）",100g,100g*30,,98/包,365天
食品,西班牙,"塞拉诺
风干火腿后腿切片
珍藏级120克（24个月以上）",120g,120g*40,,128/包,365天
食品,西班牙,"
伊比利亚
风干火腿前腿法定谷物饲养切片100克（24个月以上）",100g,100g*30,,158/包,365天
食品,西班牙,"
伊比利亚
风干火腿后腿法定谷物饲养切片100克（36个月以上）
",100g,100g*30,,180/包,365天
食品,西班牙,"
伊比利亚
风干火腿前腿橡子饲养切片
100克（36个月以上）",100g,100g*30,,218/包,365天
食品,西班牙,"
伊比利亚
风干火腿后腿橡子饲养切片100克（48个月以上）",100g,100g*30,,298/包,365天
食品,西班牙,"
伊比利亚
风干火腿后腿
橡子饲养手工切片80克（48个月以上）",100g,100g*30,,288/包,365天
食品,西班牙,"
风干火腿后腿去骨
珍藏级（24个月以上）",4.5kg,9KG/箱（2只）,,699元/kg,
食品,西班牙,"
伊比利亚
风干火腿后腿
法定谷物饲养去骨(36个月以上）",2.5kg,5KG/箱（2只）,,960元/kg,
食品,西班牙,"
伊比利亚
风干火腿后腿
法定谷物饲养去骨(36个月以上）",4.5kg,9KG/箱（2只）,,1280元/kg,
食品,西班牙,"
伊比利亚
风干火腿前腿
橡子饲养去骨(36个月以上）",2.5kg,5KG/箱（2只）,,1600元/kg,
食品,西班牙,"
伊比利亚
风干火腿后腿
橡子饲养去骨(48个月以上）",4.5kg,9KG/箱（2只）,,2384元/kg,
酒类,法国,安德烈伯爵酒庄干红,750ml,750ml*6,,￥78.00,10年
酒类,法国,安德烈伯爵酒庄精选干红,750ml,750ml*6,,￥88.00,10年
酒类,法国,安德烈伯爵酒庄陈酿干红,750ml,750ml*6,,￥188.00,10年
酒类,法国,安德烈伯爵酒庄珍酿干红,750ml,750ml*6,,￥218.00,10年
酒类,法国,安德烈伯爵酒庄至尊干红葡萄酒,750ml,750ml*6,,￥588.00,10年
酒类,法国,安德烈皇家骑士兵团XO,700ml,750ml*6,,￥388.00,10年
酒类,法国,诺一古堡干红葡萄酒,750ml,750ml*6,,￥498.00,10年
酒类,法国,塔菲娜干红葡萄酒,750ml,750ml*6,,￥140.00,10年
酒类,法国,泊凡尼干红葡萄酒,750ml,750ml*6,,￥88.00,10年
酒类,法国,鹰王红葡萄酒（黑）,750ml,750ml*6,,￥298.00,10年
酒类,法国,鹰王红葡萄酒（红）,750ml,750ml*6,,￥138.00,10年
酒类,法国,德克拉克.巴斯特干红葡萄酒,750ml,750ml*6,,￥98.00,10年
酒类,法国,杜昂世家干红葡萄酒,750ml,750ml*6,,￥88.00,10年
酒类,法国,杜昂荣耀干红葡萄酒,750ml,750ml*6,,￥88.00,10年
酒类,法国,杜昂生命之树干红葡萄酒,750ml,750ml*6,,￥88.00,10年
酒类,法国,杜昂柯尼斯干红葡萄酒,750ml,750ml*6,,￥288.00,10年
酒类,法国,杜昂城堡干红葡萄酒,750ml,750ml*6,,￥298.00,10年
酒类,法国,玛歌力士干红葡萄酒,750ml,750ml*6,,￥112.00,10年
酒类,德国,丝黛之鹰.甜白葡萄酒,750ml,750ml*12,,￥138.00,10年
酒类,法国,菲思黛乐.金狮干红葡萄酒,750ml,750ml*6,,￥158.00,10年
酒类,法国,克洛萨特德伦.干红葡萄酒,750ml,750ml*6,,￥98.00,10年
酒类,法国,夏诺斯干红葡萄酒,750ml,750ml*6,,￥78.00,10年
酒类,法国,嘉瑞纳斗牛士干红葡萄酒,750ml,750ml*6,,￥78.00,10年
酒类,法国,星光源干红葡萄酒,750ml,750ml*6,,￥188.00,10年
酒类,法国,拉珀玫珂波尔多干红葡萄酒,750ml,750ml*6,,￥128.00,10年
酒类,法国,夏诺斯圣皮埃尔干红葡萄酒,750ml,750ml*6,,￥368.00,10年
酒类,加拿大,克莱姆维达尔.枫叶冰白葡萄酒,375ml,750ml*12,,￥368.00,10年
酒类,意大利,皇家贝尔纳白兰地,700ml,750ml*6,,￥488.00,10年
酒类,英国苏格兰,帕尔斯威士忌,700ml,750ml*6,,￥598.00,10年
酒类,意大利,BB威士忌（汤姆森）,700ml,750ml*6,,￥568.00,10年
酒类,丹麦,丹麦福瑞德瑞克斯德樱桃酒“女人酒,500ml,750ml*6,,￥600.00,20年
酒类,丹麦,丹麦第五庄园橡木酒“男人酒”,500ml,750ml*6,,￥800.00,20年
酒类,法国,高地城堡干红（法国）,500ml,750ml*12,,,20年
食品,丹麦,"雅各布森蜂蜜
（向日葵蜜）",450g,450g*6,60,98,18个月
食品,丹麦,"雅各布森蜂蜜
（丹麦蜂蜜）",450g,450g*6,60,98,18个月
食品,丹麦,"雅各布森蜂蜜
（椴树蜜）",450g,450g*6,60,98,18个月
食品,丹麦,"雅各布森蜂蜜
（橙花蜜）",450g,450g*6,60,98,18个月
食品,丹麦,博好辣椒烟熏鲱鱼片罐头,200g,200g*12,25,35,48个月
食品,丹麦,博好鳕鱼肝酱罐头,115g,115g*12,25,35,60个月
食品,丹麦,博好烟熏鱼片罐头,200g,200g*12,25,35,36个月
食品,丹麦,博好龙虾汤,400g,400g*6,25,35,36个月
食品,丹麦,博好龙虾肉酱,100g,100g*6,25,35,48个月
食品,丹麦,博好虾肉酱,100g,100g*6,25,35,48个月
食品,丹麦,博好银鳕鱼鱼子酱,200g,200g*12,25,35,36个月
食品,丹麦,博好油蒜浸熏贻贝,190g,190g*6,25,35,36个月
日化品,丹麦,蜂胶护肤霜Danasan,瓶/60ml,无,37.8,80,一年
日化品,丹麦,防晒霜Derma,瓶/75ml,无,46.2,96,18个月
日化品,丹麦,女士卸妆水Derma,瓶/190ML,无,32,68,开启后一年
日化品,丹麦,婴儿油Derma,瓶/145ML,无,20,40,开启后一年
日化品,丹麦,干细胞面部精华面霜GREENDOOR,瓶/60ML,无,95,179,开启后一年
日化品,丹麦,干细胞面部精华液GREENDOOR,瓶/50ml,无,95,179,开启后一年
日化品,丹麦,祛妊娠温和按摩油karmamejuMILD,瓶/200ml,无,40,80,二年
日化品,丹麦,清洁慈润洗发水karmamejuSWIS,瓶/300ml,无,40,80,一年
日化品,丹麦,清洁慈润护发素karmamejuSWIS,瓶/300ml,无,40,80,一年
日化品,丹麦,羊毛脂顺滑洗发水Lanacare,瓶/150ml,无,38,78,开启后一年
日化品,丹麦,田园琥珀温和洗发水NaturfarmRAV,瓶/250ml,无,34,60,开启后一年
日化品,丹麦,田园琥珀脸部身体磨砂凝胶NaturfarmRAV,瓶/160ml,无,62,128,开启后一年
日化品,丹麦,田园琥珀保湿沐浴露NaturfarmRAV,瓶/250ml,无,38,78,开启后一年
日化品,丹麦,田园琥珀保湿日霜NaturfarmRAV,瓶/60ml,无,38,78,开启后一年
日化品,丹麦,精子活力测试合,合/二次,无,75.6,138,一年
日化品,丹麦,卵泡刺激素检测仪,合/二次,无,29,58,一年
日化品,丹麦,舒缓保湿喷雾,瓶/150ml,无,40,80,一年
食品,瑞典,"ORKLABRAGOORIGINALBiscuit
好趣原味曲奇",225g,225g*24,,34.8,12个月
食品,瑞典,ORKLAKUNGOSCARBiscuit奥斯卡国王姜味饼干,300g,300g*15,,56,15个月
食品,瑞典,宝隆斯榛子枣干谷物燕麦Paulunshazelnutdatescereal,450g,450g*8,,99,12个月
食品,瑞典,宝隆斯豆蔻桑葚谷物燕麦Paulunscardamommulberrycereal,450g,450g*8,,99,12个月
食品,瑞典,宝隆斯巧克力味覆盆子谷物燕麦Paulunschocolateraspberrycereal,450g,450g*8,,99,12个月
食品,瑞典,菲力斯原味沙拉酱FELIXoriginalsaladsdressing,370ml,370ml*8,,34.9,12个月
食品,瑞典,菲力斯凯撒沙拉酱FELIXCaesarDressing,370ml,370ml*8,,34.9,12个月
食品,瑞典,菲力斯千岛沙拉酱FELIXthousandislandsaladdressing,370ml,370ml*8,,34.9,12个月
食品,瑞典,菲力斯原味番茄沙司FELIXoriginalketchup,500g,500g*12,,33,18个月
食品,瑞典,菲力斯黑胡椒味番茄沙司FELIXblackpepperketchup,500g,500g*12,,33,18个月
食品,瑞典,菲力斯辣味番茄沙司FELIXhotchiliketchup,500g,500g*12,,33,18个月
食品,瑞典,"菲力斯烟熏味烧烤酱
（复合调味料）FELIXSweet&SmokeyBBQSauce
",400ml,400ml*8,,54,15个月
食品,瑞典,"菲力斯烧烤酱（复合调味料）FELIXBBQsauce
",400ml,400ml*8,,54,15个月
食品,瑞典,"艾特蓝莓水果饮料
（固体速溶饮料）EkströmsBlueberrysoup（InstantDrink）
",155g,155g*26,,43.5,24个月
食品,瑞典,菲力斯土豆煎饼（预拌粉）FELIXPotatopancakes,250g,250g*13,,38.5,18个月
食品,瑞典,菲力斯蓝莓果酱FELIXWILDBLUEBERRYJAM,283g,283g*8,,35,24个月
食品,瑞典,菲力斯大黄草莓果酱FELIXSTRAWBERRY&RHUBARBJAM,283g,283g*8,,35,18个月
食品,瑞典,菲力斯越橘玫瑰果果酱FELIXROSEHIP&LIGONBERRYJAM,283g,283g*8,,35,24个月
食品,瑞典,菲力斯越橘果酱FELIXWILDLINGONBERRYJAM,283g,283g*8,,35,30个月
食品,瑞典,GuttstaKallaStrawberrySoda古石草莓味苏打水,500ml,500ml*24,,17.5,18个月
食品,瑞典,GuttstaKallaBlueberrySoda古石蓝莓味苏打水,500ml,500ml*24,,17.5,18个月
食品,瑞典,GuttstaKallaLemonSoda古石柠檬味苏打水,500ml,500ml*24,,13.9,18个月
食品,瑞典,GuttstaKallaPineappleDragonFruitSparklingSpringWater古石菠萝火龙果味苏打水,500ml,500ml*24,,13.9,18个月
食品,瑞典,GuttstaKallaSparklingSpringWater古石天然饮用水（含气）,500ml,500ml*24,,13.9,18个月
食品,瑞典,GuttstaKallaSpringWater古石天然饮用水,500ml,500ml*24,,11.9,18个月
酒类,西班牙,THR3MONKEYSFruityRedWine瑞典三只猴子红葡萄酒（半甜型）,750ml,750ml*6,,89,10年
酒类,西班牙,THR3MONKEYSFruityRoseWine瑞典三只猴子桃红葡萄酒（半甜型）,750ml,750ml*6,,89,10年
酒类,德国,THR3MONKEYSFruityWhiteWine瑞典三只猴子白葡萄酒（甜型）,750ml,750ml*6,,89,10年
酒类,瑞典,"Spendrups
斯潘教普斯啤酒",330ml,24罐,,9.9,12个月
酒类,瑞典,"pistonhead
骷髅头啤酒",330ml,24罐,,9.9,12个月
酒类,瑞典,"Mariestad
玛力亚斯多啤酒",500ml,15瓶,,16,12个月
酒类,瑞典,"NorriandsGuld
诺兰古德啤酒",500ml,24罐,,13,12个月
酒类,瑞典,"Stockholm
斯德哥尔摩啤酒",330ml,24罐,,9.9,12个月
酒类,瑞典,"ThreeHearts
三星啤酒",500ml,24罐,,15.5,12个月
酒类,瑞典,"ThreeHearts
三星啤酒",330ml,24瓶,,14.9,12个月
酒类,瑞典,"Arboga
爱宝佳啤酒",500ml,24罐,,20,60个月
酒类,瑞典,"Arboga
爱宝佳啤酒",500ml,24罐,,19,12个月
酒类,瑞典,塞勒伏特加SailorVodka烈酒,700ml,12瓶,,128,20年
酒类,瑞典,塞勒金酒SailorGin烈酒,700ml,12瓶,,128,20年
食品,中国台湾,众味元牡丹凤梨酥,280g,280g10入*20,,32,8个月
食品,中国台湾,众味元(台)-鳳梨酥,250g,250g*20,,27,8个月
食品,中国台湾,众味元(台)-釋迦酥,250g,250g*20,,27,8个月
食品,中国台湾,众味元(台)-芋頭酥,250g,250g*20,,27,8个月
食品,中国台湾,众味元(台)-綜合水果酥,250g,250g*20,,27,8个月
食品,中国台湾,众味元(台)-芒果酥,250g,250g*20,,27,8个月
食品,中国台湾,众味元-綜合小麻糬,250g,250g*20,,27,8个月
食品,中国台湾,富丰兴芒果酥,250g,250g*20,,22,8个月
食品,中国台湾,富丰兴释迦酥,250g,250g*20,,22,8个月
食品,中国台湾,富丰兴综合小麻糬,250g,250g*20,,22,8个月
食品,中国台湾,富丰兴凤梨酥,250g,250g*20,,22,8个月
食品,中国台湾,富丰兴综合水果酥,250g,250g*20,,22,8个月
食品,中国台湾,富丰兴芋头酥,250g,250g*20,,22,8个月
食品,中国台湾,富丰兴元气蛋仔牛奶味,130g,130g*24,,18,12个月
食品,中国台湾,富丰兴元气蛋仔原味,130g,130g*24,,18,12个月
食品,中国台湾,富丰兴元气蛋仔水果味,130g,130g*24,,18,12个月
食品,中国台湾,富丰兴元气蛋仔布丁味,130g,130g*25,,18,12个月
食品,中国台湾,金安记无籽葡萄乾,60g,60g*24,,12,12个月
食品,中国台湾,金安记蔓越莓乾,40g,40g*24,,12,12个月
食品,中国台湾,金安记果滋3味果乾,45g,45g*24,,12,12个月
食品,中国台湾,恬蜜梅子棒棒糖,,150g*30,,18,12个月
食品,中国台湾,恬蜜赤砂糖味梅子棒棒糖,,150g*30,,18,12个月
食品,中国台湾,恬蜜咖啡卷心酥（饼干）,,220g*12,,35,12个月
食品,中国台湾,恬蜜红豆卷心酥（饼干）,,220g*12,,35,12个月
食品,中国台湾,恬蜜起司（干酪）卷心酥（饼干）,,220g*12,,35,12个月
食品,中国台湾,恬蜜饮用水,,600ml*24,,9.9,12个月
食品,中国台湾,恬蜜综合果仁,,260g*15,,45,12个月
食品,中国台湾,恬蜜特浓牛奶饼干,,320g*12,,45,12个月
食品,中国台湾,恬蜜美味赤砂糖饼干,,350g*12,,45,12个月
食品,中国台湾,吃果籽荔枝味果冻,,400g*18,,32,12个月
食品,中国台湾,吃果籽菠萝椰果冻,,400g*18,,32,12个月
食品,中国台湾,吃果籽草莓味果冻,,400g*18,,32,12个月
食品,中国台湾,吃果籽芒果味果冻,,400g*18,,32,13个月
食品,中国台湾,蜂蜜柠檬味果冻,,540g*12,,25,12个月
食品,中国台湾,文旦香柚味果冻,,540g*12,,25,12个月
食品,中国台湾,柳橙菠萝味果冻,,540g*12,,25,12个月
食品,中国台湾,恬蜜足球状代可可脂巧克力,,165g*20,,32,12个月
食品,中国台湾,恬蜜柠檬味糖果,,160g*20,,32,12个月
食品,中国台湾,恬蜜口哨糖,,140g*20,,32,12个月
食品,中国台湾,恬蜜糖果(金桔味),,180g*20,,32,12个月
食品,中国台湾,恬蜜代可可脂巧克力米果糖,,140g*20,,32,12个月
食品,中国台湾,恬蜜代可可脂巧克力米果糖(牛奶味),,140g*20,,32,12个月
食品,中国台湾,代可可脂巧克力米果糖(草莓味),,140g*20,,32,12个月
食品,中国台湾,恬蜜鸡蛋牛奶味果冻,,440g*12,,32,12个月
食品,中国台湾,恬蜜焦糖奶茶味果冻,,440g*12,,32,12个月
食品,中国台湾,恬蜜香蕉牛奶味果冻,,245g*20,,18,12个月
食品,中国台湾,恬蜜冰淇淋味果冻,,245g*20,,18,12个月
食品,中国台湾,盛香珍脆果集[100g],,100G*10,,18,10个月
食品,中国台湾,盛香珍小鱼干花生[80g],,80G*10,,18,12个月
食品,中国台湾,盛香珍甘草瓜子[180g],,180G*20,,19,12个月
食品,中国台湾,盛香珍南瓜子（原味）[150g],,150G*20,,19,12个月
食品,中国台湾,盛香珍酱油瓜子[180g],,180G*20,,19,12个月
食品,中国台湾,盛香珍南瓜子（绿茶）,,130G*20,,19,12个月
食品,中国台湾,盛香珍香瓜子[210g],,210G*20,,19,12个月
食品,中国台湾,尚发缘份饼(原味牛轧饼）,,192g*15,,18,10个月
食品,中国台湾,尚发缘份饼（蔓越莓牛轧饼）,,192g*15,,18,10个月
食品,中国台湾,海龙王原味黑糖块,,270克*20,,30,12个月
食品,中国台湾,海龙王玫瑰四物黑糖块,,250克*20,,30,12个月
食品,中国台湾,海龙王姜汁黑糖块,,270克*20,,30,12个月
食品,中国台湾,海龙王桂圆红枣黑糖块,,250克*20,,30,12个月
食品,中国台湾,第一家咖喱蛋卷[160g*24],,160g*24,,15,12个月
食品,中国台湾,第一家鲍鱼蛋卷[160g*24],,160g*24,,15,12个月
食品,中国台湾,第一家-榴莲蛋卷,,160g*24,,15,12个月
食品,中国台湾,第一家-原味蛋卷,,160g*24,,15,12个月
食品,中国台湾,第一家-紫薯蛋卷,,160g*24,,15,12个月
食品,中国台湾,第一家-紫菜蛋卷,,160g*24,,15,12个月
食品,中国台湾,中国台湾一番芭乐干,,100g*60,,13,12个月
食品,中国台湾,中国台湾一番芒果干,,100g*60,,15,12个月
食品,中国台湾,中国台湾一番草莓干,,100g*60,,15,12个月
食品,中国台湾,九福凤梨酥,,200g*12,,25,9个月
食品,中国台湾,九福蜜瓜酥,,200g*12,,25,9个月
食品,中国台湾,九福芒果酥,,200g*12,,25,9个月
食品,中国台湾,九福蓝莓酥,,200g*12,,25,9个月
食品,中国台湾,九福绿茶酥,,200g*12,,25,9个月
食品,中国台湾,九福纯黑糖沙琪玛,,400g*20,,33,9个月
食品,中国台湾,九福鸡蛋酥,,227克*20,,20,9个月
食品,中国台湾,九福素食沙琪玛,,227克*20,,20,9个月
食品,中国台湾,九福黑糖沙琪玛,,227克*20,,20,9个月
食品,中国台湾,九福五谷杂粮沙琪玛,,227克*20,,20,9个月
食品,中国台湾,九福葡萄芝麻沙琪玛,,227克*20,,20,9个月
食品,中国台湾,旋风水果味棒棒糖（扁形橙色）,,120克*12根,,22,24个月
食品,中国台湾,超级旋风水果味棒棒糖（扁形绿色）,,120克*12根,,22,24个月
食品,中国台湾,超级水果味棒棒糖（圆形）,,150克*12根,,22,12个月
食品,中国台湾,中国台湾蛋卷（芝麻味）[108g],,108*24,,10,12个月
食品,中国台湾,中国台湾蛋卷（海苔味）,,108*24,,10,12个月
食品,中国台湾,EGO芒果味果冻6杯装,,40g*6杯*20,,10,2年
食品,中国台湾,EGO综合味果冻6杯装,,40g*6杯*20,,10,2年
食品,中国台湾,EGO荔枝味果冻6杯装,,40g*6杯*20,,10,2年
食品,中国台湾,EGO草莓味果冻6杯装,,40g*6杯*20,,10,2年
食品,中国台湾,竹叶堂花生大福饼,,210g*24,,15,12个月
食品,中国台湾,竹叶堂芋头大福饼,,210g*24,,15,12个月
食品,中国台湾,竹叶堂芝麻大福饼,,210g*24,,15,12个月
食品,中国台湾,竹叶堂抹茶大福饼,,210g*24,,15,12个月
食品,中国台湾,竹叶堂红豆大福饼,,210g*24,,15,12个月
食品,中国台湾,古迪黑糖酥,,228g*40,,15,8个月
食品,中国台湾,古迪黑糖酥,,450g*24,,25,8个月
食品,中国台湾,统一MaxQ口香糖（柠檬）[54.6g*96],,54.6g*96,,15,18个月
食品,中国台湾,统一MaxQ口香糖（葡萄）[54.6g*96],,54.6g*96,,15,18个月
食品,中国台湾,统一MaxQ口香糖（草莓）[54.6g*96],,54.6g*96,,15,18个月
食品,中国台湾,莊家方塊酥-全麥,,217G*18,,20,12个月
食品,中国台湾,莊家方塊酥-黑芝麻,,217G*18,,20,12个月
食品,中国台湾,莊家方塊酥-蔬菜,,217G*18,,20,12个月
食品,中国台湾,莊家方塊酥-高繊,,217G*18,,20,12个月
食品,中国台湾,莊家方塊酥-杏仁,,217G*18,,20,12个月
食品,中国台湾,莊家嘉義旅行礼盒,,780G*6,,110,12个月
食品,中国台湾,莊家方塊酥-鹹酥海苔,,130G*12,,14,12个月
食品,中国台湾,莊家方塊酥-全麥,,130G*12,,14,12个月
食品,中国台湾,莊家方塊酥-黑芝麻,,130G*12,,14,12个月
食品,中国台湾,莊家方塊酥-黑糖,,130G*12,,14,12个月
食品,中国台湾,莊家方塊酥-香葱,,130G*12,,14,12个月
食品,中国台湾,莊家方塊酥-梅子,,130G*12,,14,12个月
食品,中国台湾,莊家阿里山大风采禮盒,,1200G*6,,167,12个月
食品,中国台湾,莊家雪花方塊酥-全麥,,300G*12,,33,12个月
食品,中国台湾,莊家雪花方塊酥-黑糖,,300G*12,,33,12个月
食品,中国台湾,莊家雪花方塊酥-杏仁,,300G*12,,33,12个月
食品,中国台湾,莊家雪花方塊酥-咖啡,,300G*12,,33,12个月
食品,中国台湾,莊家阿里山小火车铁盒（限量版）,,245G*24,,55,12个月
食品,中国台湾,金安记黑胡椒牛肉干[90g],,90g*50,,30,270天
食品,中国台湾,金安记五香牛肉干[90g],,90g*50,,30,270天
食品,中国台湾,金安记香辣猪肉丝[120g],,120g*50,,30,10个月
食品,中国台湾,金安记香辣牛腱片[110g],,110g*50,,30,270天
食品,中国台湾,金安记蜜汁烧烤猪肉干[110g],,110g*50,,30,270天
食品,中国台湾,金安记双享包（黑胡椒牛肉&牛腱片）,,100g*20,,32,270天
食品,中国台湾,金安记双享包（卤香&蜜汁猪肉干）,,100g*20,,32,270天
食品,中国台湾,金安记双享包（五香牛肉干&香辣猪肉干）,,100g*20,,32,270天
食品,中国台湾,厚毅三角饼192g,,192g*12,,14,1年
食品,中国台湾,厚毅野菜棒192g,,192g*12,,14,1年
食品,中国台湾,庄家方块酥-莲子,,350g*12,,28,1年
食品,中国台湾,庄家方块酥-全麦,,350g*12,,28,1年
食品,中国台湾,庄家方块酥-海苔,,350g*12,,28,1年
食品,中国台湾,庄家方块酥-黑芝麻,,350g*12,,28,1年
食品,中国台湾,小班长点心脆面（鸡汁味）[240g*12],,240G*12,,20,1年
食品,中国台湾,小班长点心脆面(海苔味)[240g*12],,240G*12,,20,1年
食品,中国台湾,小班长青豆脆面（蒜香味）[240g*12],,240G*12,,20,1年
食品,中国台湾,小班长青豆脆面（香辣味）[240g*12],,240G*12,,20,1年
食品,中国台湾,小班长青豆脆面五连包（蒜香味）[25g*75],,25g*75,,15,1年
食品,中国台湾,小班长青豆脆面五连包（香辣味）[25g*75],,25g*75,,15,1年
食品,中国台湾,小班长点心脆面五连包（鸡汁味）[25g*75],,25g*75,,15,1年
食品,中国台湾,小班长点心脆面五连包（BBQ）[25g*75],,25g*75,,15,1年
食品,中国台湾,小班长丁香花生脆面五连包（披萨味）[25g*75],,25g*75,,15,1年
食品,中国台湾,小班长丁香花生脆面五连包（椒麻味）[25g*75],,25g*75,,15,1年
食品,中国台湾,竹叶堂小凤酥(原味),,500G*12,,37,1年
食品,中国台湾,竹叶堂小凤酥(黑糖),,500G*12,,37,1年
食品,中国台湾,竹叶堂小凤酥(葡萄),,500G*12,,37,1年
食品,中国台湾,竹叶堂无糖凤梨酥,,276G*20,,37,1年
食品,中国台湾,竹叶堂无糖凤梨酥,,150G*24,,18,1年
食品,中国台湾,第一家-鸡仔酥,,300g*24,,22,10个月
食品,中国台湾,第一家-榴莲酥,,230g*24,,22,10个月
食品,中国台湾,第一家-果仁酥,,230g*24,,22,11个月
食品,中国台湾,竹叶堂小麻糬（花生）[180g*20],,180g*20,,13,12个月
食品,中国台湾,竹叶堂小麻薯-芝麻[180g*20],,180g*20,,13,12个月
食品,中国台湾,竹叶堂小麻糬(黑糖)[180g*20],,180g*20,,13,12个月
食品,中国台湾,一本水果优酪（综合）,,335克*10,,16,12个月
食品,中国台湾,一本鲜梅果冻,,350克*10,,16,12个月
食品,中国台湾,一本鸡蛋布丁,,320克*10,,16,12个月
食品,中国台湾,一本水果优酪原味6kg,,6kg,,20,12个月
食品,中国台湾,一本水果优酪哈密瓜6kg,,6kg,,20,12个月
食品,中国台湾,一本水果优酪芒果6kg,,6kg,,20,12个月
食品,中国台湾,一本水果优酪草莓6kg,,6kg,,20,12个月
食品,中国台湾,一本水果优酪蓝莓6kg,,6kg,,20,1年
食品,中国台湾,一本鲜梅果冻6kg,,6kg,,20,1年
食品,中国台湾,一本鸡蛋布丁6kg,,6kg,,20,1年
食品,中国台湾,一本绿茶椰果果冻,,6kg,,20,1年
食品,中国台湾,一本荔枝椰果果冻,,6kg,,20,1年
食品,中国台湾,迷你小黑饼巧克力夹心,,600gX12包,,17,12个月
食品,中国台湾,迷你小黑饼柠檬夹心,,600gX12包,,17,12个月
食品,中国台湾,迷你小黑饼奶油夹心,,600gX12包,,17,12个月
食品,中国台湾,迷你小黑饼巧克力夹心,,300gX24包,,17,12个月
食品,中国台湾,迷你小黑饼柠檬夹心,,300gX24包,,17,12个月
食品,中国台湾,迷你小黑饼奶油夹心,,300gX24包,,17,12个月
食品,中国台湾,雪之恋手造麻薯芝麻,,180克*24,,10,12个月
食品,中国台湾,雪之恋手造麻薯绿茶,,180克*24,,10,12个月
食品,中国台湾,雪之恋手造麻薯红豆,,180克*24,,10,12个月
食品,中国台湾,雪之恋手造麻薯花生,,180克*24,,10,12个月
食品,中国台湾,雪之恋手造麻薯芋头,,180克*24,,10,12个月
食品,中国台湾,雪之恋手造麻薯黑糖,,180克*24,,10,12个月
食品,中国台湾,三点一刻原味奶茶,,20克*6包*24盒,,18,24个月
食品,中国台湾,三点一刻碳烧奶茶,,20克*6包*24盒,,18,24个月
食品,中国台湾,三点一刻伯爵奶茶,,20克*6包*24盒,,18,24个月
食品,中国台湾,三点一刻玫瑰花果奶茶,,20克*6包*24盒,,18,24个月
食品,中国台湾,三点一刻港式奶茶,,20克*6包*24盒,,18,24个月
食品,中国台湾,百回味蓝莓,,450g*24,,17,1年
食品,中国台湾,百回味黑加仑[450g],,450g*24,,17,1年
食品,中国台湾,百回味吕宋芒[350g],,350g*24,,17,1年
食品,中国台湾,百回味乌梅[400g],,400g*24,,20,1年
食品,中国台湾,百回味化痰陈皮[300g],,300g*24,,17,1年
食品,中国台湾,百回味杨梅王[430g],,430g*24,,20,1年
食品,中国台湾,百回味槟榔果[450g],,450g*24,,20,1年
食品,中国台湾,百回味加州西梅[420g],,420g*24,,20,1年
食品,中国台湾,百回味话梅皇,,260g*24,,20,1年
食品,中国台湾,百回味百核极品开胃,,450g*24,,20,1年
食品,中国台湾,百回味情人玫瑰,,400g*24,,20,1年
食品,中国台湾,茶与饼手工牛轧糖,,250g*36,,45,180天
食品,中国台湾,茶与饼手工凤梨酥,,250g*36,,45,180天
食品,中国台湾,巧顿刀削面[400g*18],,400g*18,,19,12个月
食品,中国台湾,巧顿关庙面[400g*18],,400g*18,,19,12个月
食品,中国台湾,"骨头造型铅笔盒
-特浓牛奶骨头餅",,110g*12,,25,12个月
食品,中国台湾,"骨头造型铅笔盒
黑糖牛奶骨头餅",,110g*12,,25,12个月
食品,中国台湾,宏亚77蜜兰诺松塔12入,,192克*15盒,,25,12个月
食品,中国台湾,EGO娘惹蛋酥（原味）[130g*24],,130g*24,,12,18个月
食品,中国台湾,EGO娘惹蛋酥（黑芝麻）[130g*24],,130g*24,,12,18个月
食品,中国台湾,EGO益果芦荟果冻[100g*3*32],,100g*3*32,,9,24个月
食品,中国台湾,EGO益果芒果味果冻[100g*3*32],,100g*3*32,,9,24个月
食品,中国台湾,EGO益果综合口味果冻[100gX3*32],,100gX3*32,,9,24个月
食品,中国台湾,EGO益果草莓味果冻[100gX6*16],,100gX6*16,,18,24个月
食品,中国台湾,EGO益果山竹味果冻[100gX6*16],,100gX6*16,,18,24个月
食品,中国台湾,EGO益果芦荟果冻[100gX6*16],,100gX6*16,,18,24个月
食品,中国台湾,EGO益果芒果味果冻[100gX6*16],,100gX6*16,,18,24个月
食品,中国台湾,EGO益果综合味果冻[100gX6*16],,100gX6*16,,18,24个月
食品,中国台湾,EGO益果奇异果果冻[100g*6*16],,100g*6*16,,18,18个月
食品,中国台湾,EGO益果香芋果冻[100g*6*16],,100g*6*16,,18,18个月
食品,中国台湾,EGO香椰斑兰味威化卷[360g*12],,360g*12,,35,24个月
食品,中国台湾,EGO香草味威化卷[360g*12],,360g*12,,35,24个月
食品,中国台湾,EGO香芋味威化卷[360g*12],,360g*12,,35,24个月
食品,中国台湾,EGO巧克力瑞士卷－8片装[176g*24],,176g*24,,15,18个月
食品,中国台湾,EGO草莓瑞士卷－8片装[176g*24],,176g*24,,15,18个月
食品,中国台湾,EGO芒果瑞士卷－8片装[176g*24],,176g*24,,15,18个月
食品,中国台湾,EGO蔬菜芝麻燕麦消化饼[220g],,220g*12,,13,2年
食品,中国台湾,EGO香葱芝麻燕麦消化饼[220g],,220G*12,,13,2年
食品,中国台湾,EGO牛奶花生燕麦消化饼[220g],,220G*12,,13,2年
食品,中国台湾,EGO巧克力手工灌心蛋卷[210g],,210G*12,,13,18个月
食品,中国台湾,EGO草莓手工灌心蛋卷,,210G*12,,13,18个月
食品,中国台湾,EGO香芋手工灌心蛋卷,,210G*12,,13,18个月
食品,中国台湾,EGO迷你小熊（哈密瓜）,,70g*48,,10,18个月
食品,中国台湾,EGO迷你小饼（草莓）,,70g*48,,10,18个月
食品,中国台湾,EGO迷你小熊饼（巧克力）,,70g*48,,10,18个月
食品,中国台湾,EGO伟伟涂层饼干棒（草莓）[240g],,240g*20,,22,18个月
食品,中国台湾,EGO伟伟涂层饼干棒（巧克力）[240g],,240g*20,,22,18个月
食品,中国台湾,EGO伟伟涂层饼干棒（牛奶）[240g],,240g*20,,22,18个月
食品,中国台湾,EGO小鱼儿图形饼干（芝士味）[140g],,140g*12,,10,24个月
食品,中国台湾,EGO小鱼儿图形饼干（烤鸡）[140g],,140g*12,,10,24个月
食品,中国台湾,EGO小鱼儿图形饼干（海苔味）[140g],,140g*12,,10,24个月
食品,中国台湾,EGO金小熊草莓罐心饼180g,,180g*12,,14,24个月
食品,中国台湾,EGO金小熊哈密瓜罐心饼180g,,180g*12,,14,24个月
食品,中国台湾,EGO金小熊牛奶灌心饼干[180g],,180g*12,,14,24个月
食品,中国台湾,EGO金小熊巧克力灌心饼干[180g],,180g*12,,14,24个月
食品,中国台湾,EGO三合一智力饼300g,,300g*12,,13,18个月
食品,中国台湾,TM草莓维生素C锭,,90g*24,,22,18个月
食品,中国台湾,TM鱼肝油维生素C软糖,,110g*24,,22,18个月
食品,中国台湾,TM维生素C巧克力,,110g*24,,22,18个月
食品,中国台湾,三Q乳酸糖芒果口味[105g*64],,105g*64,,15.5,18个月
食品,中国台湾,三Q综合果汁糖[105g*64],,105g*64,,15,18个月
食品,中国台湾,三Q石头巧克力[100g*64],,100g*64,,16,12个月
食品,中国台湾,小木偶米果豆[120g*20],,120g*20,,16,12个月
食品,中国台湾,统一CHOICE飞垒口香糖（热带水果）[30g*240],,30g*240,,3.5,18个月
食品,中国台湾,统一CHOICE飞垒口香糖（草莓）[30g*240],,30g*240,,3.5,18个月
食品,中国台湾,统一CHOICE飞垒口香糖（葡萄）[30g*240],,30g*240,,3.5,18个月
食品,中国台湾,统一CHOICE飞垒口香糖（可乐）[30g*240],,30g*240,,3.5,18个月
食品,中国台湾,统一飞垒超Q泡泡糖葡萄味[10g*120],,10g*120,,2.5,18个月
食品,中国台湾,统一飞垒超Q泡泡糖可乐味[10g*120],,10g*120,,2.5,18个月
食品,中国台湾,森永哆啦A梦多樂水果糖,,100g*40,,18,2年
食品,中国台湾,森永奇蒂猫多樂福水果糖（红）,,100g*40,,18,2年
食品,中国台湾,森永多樂福水果糖,,180g*40,,18,2年
食品,中国台湾,森永乳酸多樂福水果糖,,180g*40,,18,2年
食品,中国台湾,长松中国台湾香酥五谷杂粮沙琪玛,,440g*10,,33,8个月
食品,中国台湾,长松中国台湾香酥冲绳黑糖沙琪玛,,440g*10,,33,8个月
食品,中国台湾,长松中国台湾香酥麦芽牛奶沙琪玛,,440g*10,,33,8个月
食品,中国台湾,长松中国台湾香酥岩烧海苔,,440g*10,,33,8个月
食品,中国台湾,长松新版黑糖沙琪玛,,240g*20,,15,8个月
食品,中国台湾,长松新版鸡蛋沙琪玛,,240g*20,,15,8个月
食品,中国台湾,长松中国台湾黑糖角,,230g*12,,27,10个月
食品,中国台湾,长松中国台湾畺母黑糖角,,230g*12,,27,12个月
食品,中国台湾,长松抹茶烘饼,,100g*12,,21,10个月
食品,中国台湾,长松黑糖烘饼,,100g*12,,21,10个月
食品,中国台湾,莊家方塊酥（全麦）,,420g*12,,36,1年
食品,中国台湾,莊家方塊酥（海苔）,,420g*12,,36,1年
食品,中国台湾,莊家方塊酥（花生）,,420g*12,,36,1年
食品,中国台湾,莊家方塊酥（黑糖）,,420g*12,,36,1年
食品,中国台湾,莊家方塊酥（樱花）,,420g*12,,36,1年
食品,中国台湾,莊家方塊酥（黑芝麻）,,420g*12,,36,1年
食品,中国台湾,莊家方塊酥（莲子）,,420g*12,,36,1年
食品,中国台湾,金安记老滷酱汁鲁香牛腱片[110g*50],,110g*50,,30,270天
食品,中国台湾,金安记老滷酱汁香辣牛腱丝[110g*50],,110g*50,,30,270天
食品,中国台湾,金安记猪肉松(海苔芝麻),,300G*12,,60,270天
食品,中国台湾,金安记猪肉松（原味）[300g*12],,300G*12,,60,270天
食品,中国台湾,金安记旗鱼松,,280G*12,,60,270天
食品,中国台湾,盛香珍鸡蛋布丁[110g*3杯*16],,110g*3杯*16,,15,12个月
食品,中国台湾,盛香珍芒果布丁[70g*6入*18],,70g*6入*18,,15,10个月
食品,中国台湾,盛香珍荔枝味椰果果冻[70g*6入*18],,70g*6入*18,,15,10个月
食品,中国台湾,盛香珍葡萄椰果果冻[70g*6入*18],,70g*6入*18,,15,10个月
食品,中国台湾,珍弘芝麻方块酥[260g*12],,260g*12,,20,12个月
食品,中国台湾,珍弘坪林茶香酥[260g*12],,260g*12,,20,12个月
食品,中国台湾,小西门极品虱目鱼松,,200g*40,,55,12个月
食品,中国台湾,小西门极品黄金松,,250g*40,,55,12个月
食品,中国台湾,小西门极品鲑鱼松,,200g*40,,55,12个月
食品,中国台湾,宏亚77蜜兰诺松塔（散装）,,6KG,,55,12个月
食品,中国台湾,6公斤蜜兰诺-醇黑松塔,,6KG,,55,12个月
食品,中国台湾,6公斤蜜兰诺-枫糖鬆塔,,6KG,,55,12个月
食品,中国台湾,6公斤蜜兰诺-杏仁千層,,6KG,,55,12个月
食品,中国台湾,雪之恋水蜜桃果冻,,500g*20,,30,12个月
食品,中国台湾,雪之恋蓝莓冻,,500g*20,,30,12个月
食品,中国台湾,雪之恋桔子冻,,500g*20,,30,12个月
食品,中国台湾,雪之恋芒果冻,,500g*20,,30,12个月
食品,中国台湾,雪之恋茶梅双宝 ,,500g*20,,30,12个月
食品,中国台湾,雪之恋荔枝冻,,500g*20,,30,12个月
食品,中国台湾,日香冬筍饼,,330g*10,,35,1年
食品,中国台湾,石头巧克力,,60g*12罐*12盒,,7.8,12个月
食品,中国台湾,花生巧克力,,60g*12罐*12盒,,7.8,12个月
食品,中国台湾,葵花籽巧克力,,60g*12罐*12盒,,7.8,12个月
食品,中国台湾,南瓜籽巧克力,,60g*12罐*12盒,,7.8,12个月
食品,中国台湾,品绮生機超大原味葡萄干[280g*24],,280g*24,,36,12个月
食品,中国台湾,品绮生機超大梅味葡萄干[280g*24],,280g*24,,36,12个月
食品,中国台湾,品绮生機三色综合水果干[280g*24],,280g*24,,43,12个月
食品,中国台湾,品绮生機健康阳光多果仁[230g*24],,230g*24,,47,12个月
食品,中国台湾,品绮生機中国台湾甘甜梅[120g*24],,120g*24,,36,12个月
食品,中国台湾,品绮生機超大原味葡萄干[150g*48],,150g*48,,22,12个月
食品,中国台湾,品绮生機超大梅味葡萄干[150g*48],,150g*48,,22,12个月
食品,中国台湾,品绮生機三色综合水果干[150g*48],,150g*48,,28,12个月
食品,中国台湾,品绮生機健康阳光多果仁[120g*48],,120g*48,,30,12个月
食品,中国台湾,品绮生機中国台湾甘甜梅[70g*48],,70g*48,,22,12个月
食品,中国台湾,小P造型牛乳鈣片[100g*96],,100g*96,,24,24个月
食品,中国台湾,小P水果C片[100g*96],,100g*96,,24,24个月
食品,中国台湾,小P营养乳酸片[100g*96],,100g*96,,24,24个月
食品,中国台湾,小P鱼肝油QQ糖[100g*96],,100g*96,,24,24个月
食品,中国台湾,小P西梅C+钙[100g*96],,100g*96,,24,24个月
食品,中国台湾,小P水果C软糖[100g*96],,100g*96,,24,24个月
食品,中国台湾,小P快樂口哨糖[60g*96],,60g*96,,24,18个月
食品,中国台湾,小P快樂彩球糖[85g*96],,85g*96,,24,18个月
食品,中国台湾,小P快樂水果片糖[75g*96],,75g*96,,24,18个月
食品,中国台湾,小P快樂迷你巧克力糖[65g*96],,65g*96,,24,18个月
食品,中国台湾,小P快樂迷你口香糖[90*96],,90*96,,24,18个月
食品,中国台湾,小P快樂脆皮软糖[90g*96],,90g*96,,24,18个月
食品,中国台湾,JOJOCLUB巧克力豆豆[130g*96],,130g*96,,22,18个月
食品,中国台湾,JOJOCLUB石头巧克力[65g*96],,65g*96,,22,18个月
食品,中国台湾,JOJO泡泡糖[80g*96],,80g*96,,22,18个月
食品,中国台湾,JOJO水果C片[100g*96],,100g*96,,22,18个月
食品,中国台湾,JOJOCLUB水果钙片[105g*96],,105g*96,,22,18个月
食品,中国台湾,JOJOCLUB鱼肝油软糖[115g*96],,115g*96,,22,18个月
食品,中国台湾,JOJOCLUB葡萄籽软糖[115g*96],,115g*96,,22,18个月
食品,中国台湾,JOJO迷你口香糖[90g*96],,90g*96,,22,18个月
食品,中国台湾,中国台湾香蕉造型水果软糖45g*36,,45g*36,,22,18个月
食品,中国台湾,糖莊杏仁緑茶牛軋糖[220g*30],,220g*30,,50,8个月
食品,中国台湾,糖莊南棗核桃糕[220g*30],,220g*30,,50,8个月
食品,中国台湾,糖莊花生牛轧糖[250g*30],,250g*30,,48,5个月
食品,中国台湾,糖莊芝麻核桃糕[220g*30],,220g*30,,50,8个月
食品,中国台湾,糖莊核桃牛轧糖[220g*30],,220g*30,,50,8个月
食品,中国台湾,糖莊妃常好吃楓糖腰果[180g*30],,180g*30,,58,4个月
食品,中国台湾,巧顿牛奶原味蛋酥[130g*20],,130g*20,,20,12个月
食品,中国台湾,巧顿起司棒[160g*20],,160g*20,,20,12个月
食品,中国台湾,巧顿骨头饼[130g*20],,130g*20,,20,12个月
食品,中国台湾,生机达人咸酥鸡风味花生,,180g*24,,26,12个月
食品,中国台湾,生机达人盐烧海苔风味花生,,180g*24,,26,12个月
食品,中国台湾,生机达人樱花虾风味花生,,180g*24,,26,12个月
食品,中国台湾,生机达人墨西哥辣椒风味花生,,180g*24,,26,12个月
食品,中国台湾,咸酥鸡风味花生180g,,180g*18,,26,12个月
食品,中国台湾,盐烧海苔风味花生180g,,180g*18,,26,12个月
食品,中国台湾,樱花虾风味花生180g,,180g*18,,26,12个月
食品,中国台湾,墨西哥辣椒风味花生180g,,180g*18,,26,12个月
食品,中国台湾,竹叶堂凤梨酥600g,,600g*10,,60,10个月
食品,中国台湾,上丰综合果仁,,180g*30,,25,12个月
食品,中国台湾,3点1刻日月潭奶茶[20g*6包*24],,20g*6包*24,,19,24个月
食品,中国台湾,3点1刻冲绳黑糖奶茶[20g*6包*24],,20g*6包*24,,19,24个月
食品,中国台湾,长松口袋饼起司味,,200g*12,,27,12个月
食品,中国台湾,长松口袋饼牛奶味,,200g*12,,27,12个月
食品,中国台湾,长松口袋饼起司味罐装,,200g*12,,27,12个月
食品,中国台湾,长松口袋饼鲜奶味罐装,,200g*12,,27,12个月
食品,中国台湾,长松口袋饼黑糖味罐装,,200g*12,,27,12个月
食品,中国台湾,尚发蒜味香酥条,,100g*36包,,20,10个月
食品,中国台湾,尚发奶油香酥条,,100g*36包,,20,10个月
食品,中国台湾,尚发巧克力香酥条,,100g*36包,,20,10个月
食品,中国台湾,尚发黑糖玫瑰四物饮,,300g*20瓶,,36,12个月
食品,中国台湾,尚发黑糖姜母茶,,300g*20瓶,,36,12个月
食品,中国台湾,尚发黑糖桂圆红枣,,300g*20瓶,,36,12个月
食品,中国台湾,尚发黑糖四合一,,300g*20瓶,,36,12个月
食品,中国台湾,尚发黑糖蔓越莓寒天,,300g*20瓶,,36,12个月
食品,中国台湾,尚发黑糖金桔柠檬茶,,300g*20瓶,,36,12个月
食品,中国台湾,一来顺千層貢糖,,200g*50,,30,5个月
食品,中国台湾,一来顺芝麻貢糖,,180g*50,,30,5个月
食品,中国台湾,一来顺花生貢糖,,180g*50,,30,5个月
食品,中国台湾,一来顺豬腳貢糖,,220g*50,,30,5个月
食品,中国台湾,一来顺鹹酥貢糖,,180g*50,,30,5个月
食品,中国台湾,一来顺高梁面线,,400克/10束*25,,46,1年
食品,中国台湾,一来顺原味面线,,400克/10束*25,,46,1年
食品,中国台湾,一来顺山药面线,,400克/10束*25,,46,1年
食品,中国台湾,一来顺蔬菜面线,,400克/10束*25,,46,1年
食品,中国台湾,一来顺原味面线,,225克/5束*40,,29,1年
食品,中国台湾,一来顺山药面线,,225克/5束*40,,29,1年
食品,中国台湾,一来顺芋头面线,,225克/5束*40,,29,1年
食品,中国台湾,一来顺高梁面线,,225克/5束*40,,29,1年
食品,中国台湾,TM6入鸡蛋家族乳酸巧克力[30g*6*12],,30g*6*12,,42,12个月
食品,中国台湾,TM海苔小卷[90g*20],,90g*20,,20,12个月
食品,中国台湾,TM海苔中卷[90g*20],,90g*20,,20,12个月
食品,中国台湾,顶级品蔓越莓干100g,,100g*50,,17,1年
食品,中国台湾,白咖啡450g,,450g*24,,82,1年
食品,中国台湾,心之味1岁以上婴儿肉松[150g*12],,150g*12,,32,12个月
食品,中国台湾,心之味6-12个月婴儿肉松[230g*12],,230g*12,,40,12个月
食品,中国台湾,心之味1月以上婴儿肉松[230g*12],,230g*12,,32,12个月
食品,中国台湾,3点1刻日月潭奶茶[20g*15包*12入],,20g*15入*12包,,47,18个月
食品,中国台湾,3点1刻冲绳黑糖奶茶[20g*15包*12入],,20g*15入*12包,,47,18个月
食品,中国台湾,3点1刻伯爵奶茶[20g*15包*12入],,20g*15入*12包,,47,18个月
食品,中国台湾,3点1刻玫瑰花果奶茶[20g*15包*12入],,20g*15入*12包,,47,18个月
食品,中国台湾,3点1刻炭烧奶茶[20g*15包*12入],,20g*15入*12包,,47,18个月
食品,中国台湾,3点1刻原味奶茶[20g*15包*12入],,20g*15入*12包,,47,18个月
食品,中国台湾,3点1刻黑糖姜母茶[15g*15包*12],,15g*15包*12,,47,18个月
食品,中国台湾,3點1刻奶油玉米濃湯,,216g(18g*12)*12袋,,45,18个月
食品,中国台湾,3點1刻香蟹海鮮濃湯,,216g(18g*12)*12袋,,45,18个月
食品,中国台湾,3點1刻法式磨菇濃湯,,216g(18g*12)*12袋,,45,18个月
食品,中国台湾,3點1刻起司巧達濃湯,,216g(18g*12)*12袋,,45,18个月
食品,中国台湾,3點1刻田園南瓜濃湯,,216g(18g*12)*12袋,,45,18个月
食品,中国台湾,3點1刻冰糖杏仁茶,,375g(25g*15)*12袋,,45,18个月
食品,中国台湾,3點1刻嚴選烏梅湯,,375g(25g*15)*12袋,,45,18个月
食品,中国台湾,3點1刻黑糖薑母茶,,270g(15g*18)*12袋,,45,18个月
食品,中国台湾,3點1刻燕麥薏仁露,,390g(26g*15)*12袋,,45,18个月
食品,中国台湾,3點1刻紫米芝麻糊,,390g(26g*15)*12袋,,45,18个月
食品,中国台湾,3點1刻五穀滋養茶,,390g(26g*15)*12袋,,45,18个月
食品,中国台湾,台竹乡黄秋葵,,70g*24,,30,12个月
食品,中国台湾,台竹乡综合蔬果,,100g*24,,30,12个月
食品,中国台湾,台竹乡蔓越莓干,,300g*24,,42,12个月
食品,中国台湾,台竹乡香菇脆片,,70g*24,,30,1年
食品,中国台湾,台竹乡菠萝蜜脆片,,120g*12,,30,1年
食品,中国台湾,台竹乡牛蒡饼,,12斤/件,,35,1年
食品,中国台湾,台竹乡竹炭冬笋饼,,12斤/件,,35,1年
食品,中国台湾,台竹乡原味冬笋饼,,12斤/件,,35,1年
食品,中国台湾,台竹乡香菇冬笋饼,,12斤/件,,35,1年
食品,中国台湾,台竹乡芋仔饼,,12斤/件,,35,1年
食品,中国台湾,台竹乡数字饼,,170g*24,,19,1年
食品,中国台湾,台竹乡飞机饼,,170g*24,,19,1年
食品,中国台湾,台竹乡原味骨头饼,,170g*24,,19,1年
食品,中国台湾,台竹乡黑糖骨头饼,,170g*24,,19,1年
食品,中国台湾,长松中国台湾麻花(原味）,,1件*20包*250g,,23,10个月
食品,中国台湾,长松中国台湾麻花(黑糖）,,1件*20包*250g,,23,10个月
食品,中国台湾,台竹乡牛奶小熊饼干,,120g*24,,19,1年
食品,中国台湾,台竹乡超大无籽葡萄干450g,,450g*12,,40,1年
食品,中国台湾,台竹乡超大无籽葡萄干200g,,200g*24,,30,1年
食品,中国台湾,台竹乡榴莲酥,,250g*15,,30,1年
食品,中国台湾,台竹乡盒装原味冬笋饼,,150g*15,,22,12个月
食品,中国台湾,台竹乡盒装芋仔饼,,150g*15,,22,12个月
食品,中国台湾,台竹乡盒装香菇冬笋饼,,150g*15,,22,12个月
食品,中国台湾,台竹乡盒装牛蒡饼,,150g*15,,22,12个月
食品,中国台湾,台竹乡海苔豆腐烧,,40g*20,,9,12个月
食品,中国台湾,台竹乡鸡蛋布丁,,230g*24,,29,12个月
食品,中国台湾,台竹乡鸡蛋牛奶布丁,,230g*24,,29,12个月
食品,中国台湾,果老三-芒果干,,80g*36,,15,12个月
食品,中国台湾,果老三-木瓜干,,80g*36,,15,12个月
食品,中国台湾,果老三-圣女果干,,80g*36,,15,12个月
食品,中国台湾,果老三-凤梨干,,80g*36,,15,12个月
食品,中国台湾,心之味鸡蛋布丁,,550g*12,,36,12个月
食品,中国台湾,心之味牛奶鸡蛋布丁,,550g*12,,36,12个月
食品,中国台湾,心之味生机坚果,,130g*48,,35,10个月
食品,中国台湾,心之味元气豆果实,,140g*48,,35,10个月
食品,中国台湾,心之味腰果盐味,,150g*48,,35,10个月
食品,中国台湾,心之味腰果原味,,160g*48,,35,10个月
食品,中国台湾,心之味黄秋葵脆片,,352g*24罐,,29,12个月
食品,中国台湾,心之味小米巧克力190g,,190g*48,,25,12个月
食品,中国台湾,心之味古早味金柑糖190g,,190g*48,,25,12个月
食品,中国台湾,心之味软糖－黑加仑口味,,260g*48,,25,18个月
食品,中国台湾,心之味牛奶棒－黑糖,,200g*36,,27,12个月
食品,中国台湾,心之味牛奶棒－原味,,200g*36,,27,12个月
食品,中国台湾,心之味蔓越莓酥,,570g12,,38,360天
食品,中国台湾,心之味蔓芒果酥,,570g12,,38,360天
食品,中国台湾,凯莎公主榛果白牛奶卷心酥,,70g*24,,19,10个月
食品,中国台湾,凯莎公主榛果巧克力卷心酥,,70g*24,,19,10个月
食品,中国台湾,甘百世棒果白巧克力,,156g*12,,35,10个月
食品,中国台湾,甘百世棒果巧克力,,156g*12,,35,10个月
食品,中国台湾,广吉原味咖啡馆-深培白咖啡二合一250g,,250g*12,,40,24个月
食品,中国台湾,广吉原味咖啡馆-深培白咖啡三合一400g,,400g*12,,40,24个月
食品,中国台湾,广吉黄金曼特宁,,100g*12,,43,24个月
食品,中国台湾,广吉重烘焙曼巴,,100g*12,,43,18个月
食品,中国台湾,广吉顶级蓝山,,100g*12,,46,18个月
食品,中国台湾,广吉焦糖玛奇朵咖啡340g,,340*12,,41,18个月
食品,中国台湾,广吉榛果拿铁咖啡340g,,340*12,,41,24个月
食品,中国台湾,广吉坚果饮-松子黑豆300g,,300g*12,,42,24个月
食品,中国台湾,广吉糙米片-十谷地瓜味360g,,360g*12,,42,24个月
食品,中国台湾,明奇-迷你小方酥亚麻籽蔓越莓450g,,450g*12,,36,12个月
食品,中国台湾,明奇-迷你小方酥胡麻杏仁450g,,450g*12,,36,12个月
食品,中国台湾,明奇-迷你小方酥全麦糙米450g,,450g*12,,36,12个月
食品,中国台湾,明奇-猴头菇方块酥500g,,500g*12,,39,12个月
食品,中国台湾,瓦芙煎餅夾心(奶油),,180g*20,,30,9个月
食品,中国台湾,瓦芙煎餅夾心(巧克力),,180g*20,,30,9个月
食品,中国台湾,美可法國派-巧克力,,150g*24,,16,12个月
食品,中国台湾,美可法國派-白巧克力,,150g*24,,16,12个月
食品,中国台湾,美可脆片-巧克力,,88g*24,,13,12个月
食品,中国台湾,美可脆片-花生,,88g*24,,13,12个月
食品,中国台湾,美可二味夾心,,396g*6,,42,12个月
食品,中国台湾,森永特产水果糖,,180g*40,,19,2年
食品,中国台湾,宏金富绿茶蜜麻花,,250g*20,,19,12个月
食品,中国台湾,宏金富蜂蜜蜜麻花,,250g*20,,19,12个月
食品,中国台湾,宏金富黑糖蜜麻花,,250g*20,,19,12个月
食品,中国台湾,甘百世巧克力粉杏仁豆165g,,165g*20,,40,300天
食品,中国台湾,甘百世72%黑巧克力165g,,165g*20,,40,300天
食品,中国台湾,冬之願巧克力165g,,165g*20,,40,300天
食品,中国台湾,甘百世专业巧克力砖400g,,400g*12,,33,300天
食品,中国台湾,甘百世专业白巧克力砖400g,,400g*12,,33,300天
食品,中国台湾,凱莎粒巧克力425g,,425g*24,,42,300天
食品,中国台湾,繽紛榛果巧克力196g,,196g*20,,43,300天
食品,中国台湾,凱蕯巧克力150g,,150g*12入*6中盒,,18,300天
食品,中国台湾,凱蕯牛奶巧克力150g,,150g*12入*6中盒,,18,300天
食品,中国台湾,凱蕯草莓巧克力150g,,150g*12入*6中盒,,18,300天
食品,中国台湾,繽紛榛果巧克力98g,,98g*6入*4中盒,,22,300天
食品,中国台湾,繽紛巧克力84g,,84g*6入*4中盒,,22,300天
食品,中国台湾,繽紛白巧克力84g,,84g*6入*4中盒,,22,300天
食品,中国台湾,繽紛榛果禮盒418g,,418g*6盒,,105,300天
食品,中国台湾,芥末青豆,160g,24包,,4.5,12个月
食品,中国台湾,蒜香青豆,250g,12包,,13.5,12个月
食品,中国台湾,香辣青豆,250g,12包,,14,12个月
食品,波兰,劳仑兹笑笑片,70g,24包,,10.7,10个月
食品,马来西亚,爱每刻薯片(芥末味),100g,24包,,10.7,10个月
食品,马来西亚,爱每刻薯片(原味),280g,16包,,11,12个月
食品,马来西亚,爱每刻薯片(香辣味),900g,12包,,25,18个月
食品,,甜甜圈(牛奶花生味),900g,12包,,25,18个月
食品,,甜甜圈(巧克力),200g,18包,,3.9,15个月
食品,,甜甜圈(蜂蜜黄油味),128g,20包,,6.5,12个月
食品,波兰,劳仑兹明虾味薯片,320g,12包,,9,12个月
食品,马来西亚,乒乓OMG芝士味饼干,320g,12包,,9,12个月
食品,马来西亚,乒乓OMG榛果味饼干,400g,20包,,6.9,12个月
食品,中国台湾,张君雅小妹妹甜甜圈(巧克力味),48g,12包,,5.5,12个月
食品,中国台湾,欧乐格慕咸蛋黄味麦芽糖夹心饼干,50g,90包,,0.7,12个月
食品,中国台湾,欧乐格慕黑糖麦芽糖夹心饼干,128g,60包,,2.8,10个月
食品,,加州综合坚果,170g,12包,,2.8,9个月
食品,,什锦果仁,200g,24包,,6.5,12个月
食品,,黄秋葵脆片,160g,20包,,6.2,12个月
食品,,什锦菇菜脆片,60g,45包,,2.8,10个月
食品,厦门,威斯尔太妃糖,57g,12包,,2.8,12个月
食品,荷兰,荷高全脂调制乳粉,49g,60包,,3.3,15个月
食品,荷兰,荷高脱脂调制乳粉,49g,60包,,3.3,15个月
食品,丹麦,迷你代可可脂巧克力粒曲奇饼干,49g,60包,,3.3,15个月
食品,香港,皇家松露巧克力,150g,12包,,4.7,24月
食品,,咸味蛋黄酥蛋卷,200g,24包,,7.5,12个月
食品,,蟹黄味夹心酥蛋卷,200g,24包,,7.5,12个月
食品,马来西亚,EKE牌香葱苏打饼干,200g,24包,,7.5,12个月
食品,日本,泉屋扁桃仁虾干,950g,6包,,1.5,18个月
食品,,草莓味果仁棒饼,330ml,12包,,4.5,12个月
食品,,黑糖味沙琪玛,350g,12包,,4.5,12个月
食品,,芥末海苔味玉米脆,350g,12包,,4.5,12个月
食品,,山楂条(草莓味),350g,12包,,3.5,12个月
食品,,比利时松露巧克力,330ml,12包,,3.5,24个月
食品,日本,富璐达牛奶味乳酸菌软心曲奇饼干,330ml,12包,,3.5,24个月
食品,中国台湾,义美小泡芙(香草巧克力味),330ml,12包,,3,24个月
食品,,小熊饼(巧克力注心饼干),750ml,6包,,2.5,10年
食品,,小熊饼B+W(注心饼干),200ml,24包,,2.5,2年
食品,,小熊饼(草莓味注心饼干),,60包,,,
食品,印度尼西亚,爱时乐芝士味威化卷心酥,,12包,,,
食品,香港,果汁糖陈皮味,,24包,,,
食品,香港,果汁糖蓝莓味,,24包,,,
食品,香港,果汁糖什锦味,,24包,,,
食品,,皇味牛奶加钙核桃粉,,6包,,,
食品,马来西亚,椰子水,,12包,,,
食品,泰国,艾米方便面鸡肉味,,12包,,,
食品,泰国,艾米方便面牛肉味,,12包,,,
食品,泰国,艾米方便面虾味,,12包,,,
食品,俄罗斯,草莓鸡尾酒,,12包,,,
食品,俄罗斯,椰林飘香鸡尾酒,,12包,,,
食品,俄罗斯,莫吉托鸡尾酒,,12包,,,
食品,法国,德拉图干红葡萄酒,,6包,,,
食品,日本,鱼生寿司酱油,,24包,,,
食品,奥地利,卡斯滕蓝莓牛奶威化饼干,153g,153g*12,14.5,28,12个月
食品,奥地利,卡斯滕香蕉牛奶巧克力威化饼干200g,200g,200g*12,16.5,32.8,10个月
食品,奥地利,卡斯滕覆盆子牛奶巧克力威化饼干200g,200g,200g*12,16.5,32.8,10个月
食品,印度尼西亚,帕夫爸爸草莓味玉米脆,56g,56g*20,4,8.8,12个月
食品,印度尼西亚,帕夫爸爸牛奶味玉米脆,56g,56g*20,4,8.8,12个月
食品,印度尼西亚,帕夫爸爸芝士味玉米脆,56g,56g*20,4,8.8,12个月
食品,印度尼西亚,帕夫爸爸芝士味玉米脆,56g,56g*20,4,8.8,12个月
食品,比利时,德利葵花籽油,1L,1L*15,15.6,28,18个月
食品,比利时,德利玉米油,1L,1L*15,19,39.8,18个月
食品,比利时,德利花生油,1L,1L*15,28,58,18个月
食品,荷兰,巧克力太妃糖味夹心饼干,150g,150g*13,14,25.8,13个月
食品,荷兰,太妃彩虹豆夹心饼干,150g,150g*13,14,25.8,13个月
食品,荷兰,小熊形巧克力味饼干,175g,175g*12,16,29.8,13个月
食品,荷兰,企鹅形牛奶味饼干,175g,175g*12,16,29.8,13个月
食品,荷兰,小猴形香蕉味饼干,175g,175g*12,16,29.8,13个月
食品,荷兰,假日彩虹豆巧克力味夹心饼干,170g,175g*12,16,29.8,13个月
食品,荷兰,欢乐海盗糖豆夹心饼干,175g,170g*11,17.8,33.8,13个月
食品,荷兰,牛奶水果味夹心饼干,150g,150g*13,14,25.8,13个月
食品,马来西亚,乒乓大方卜饼,375g,375g*12,9.5,19.8,15个月
食品,马来西亚,乒乓较较饼,375g,375g*12,9.5,19.8,15个月
食品,比利时,吉利莲原味巧克力制品小排块,4*24*35G,35g*96,6.5,10.5,15个月
食品,比利时,吉利莲焦糖夹心巧克力制品小排块,4*24*36G,35g*96,6.5,10.5,15个月
食品,比利时,吉利莲脆饼夹心巧克力制品小排块,4*24*30G,35g*96,6.5,10.5,15个月
食品,比利时,吉利莲牛奶巧克力制品小排块,4*24*30G,35g*96,6.5,10.5,15个月
食品,德国,美可馨牛奶小方块巧克力,100g,15*100G,8.65,15.8,12个月
食品,德国,美可馨小方块黑巧克力,100g,15*100G,8.65,15.8,18个月
食品,德国,美可馨卡布基诺味小方块巧克力制品,100g,15*100G,8.65,15.8,12个月
食品,德国,美可馨提拉米苏味小方块巧克力制品,100g,15*100G,8.65,15.8,12个月
食品,德国,美可馨巧克力屑白冰淇淋味小方块巧克力,100g,15*100G,8.65,15.8,12个月
食品,德国,美可馨酸奶草莓味小方块巧克力制品,100g,15*100G,8.65,15.8,12个月
食品,德国,美可馨碎玉米粒小方块巧克力制品,100g,15*100G,8.65,15.8,12个月
食品,西班牙,巧圈圈牛奶巧克力脆,135g,135g*48,8.4,16.8,12个月
食品,西班牙,巧圈圈白巧克力脆,135g,135g*48,8.4,16.8,12个月
食品,西班牙,巧圈圈黑巧克力脆,135g,135g*48,8.4,16.8,12个月
食品,罗马尼亚,克里斯迷你咸味饼干,100g,100g*12,3.7,7.2,12个月
食品,罗马尼亚,克里斯迷你芝士味饼干,100g,100g*12,3.7,7.2,12个月
食品,罗马尼亚,克里斯迷你火腿味饼干,100g,100g*12,3.7,7.2,12个月
食品,罗马尼亚,克里斯迷你披萨味饼干,100g,100g*12,3.7,7.2,12个月
食品,罗马尼亚,克里斯香酥迷你饼干,100g,100g*12,3.7,7.2,12个月
食品,日本,达乐美葡萄味可吸果冻,150g,150g*6,,17.8,12个月
食品,日本,达乐美桃子味可吸果冻,150g,150g*6,,17.8,12个月
食品,日本,达乐美苹果味可吸果冻,150g,150g*6,,17.8,12个月
食品,日本,达乐美芒果味可吸果冻,150g,150g*6,,17.8,12个月
食品,日本,达乐美橘子味果冻（果肉型）,230g,230g*6,,23.8,10个月
食品,日本,达乐美混合水果味果冻（果肉型）,230g,230g*6,,23.8,10个月
食品,日本,达乐美白桃味果冻（果肉型）,230g,230g*6,,23.8,10个月
食品,日本,达乐美椰果酸奶味果冻（果肉型）,230g,230g*6,,23.8,6个月
食品,日本,达乐美混合酸奶味果冻（果肉型）,230g,230g*6,,23.8,6个月
食品,日本,达乐美菠萝椰果味果冻（果肉型）,230g,230g*6,,23.8,10个月
食品,日本,达乐美芒果味果冻（果肉型）,230g,230g*6,,23.8,10个月
食品,日本,达乐美草莓椰果酸奶味果冻（果肉型）,230g,230g*6,,23.8,6个月
食品,日本,达乐美迷你橘子味果冻（果肉型）,270g,270g*6,,28.8,10个月
食品,日本,达乐美迷你混合水果味果冻（果肉型）,270g,270g*6,,28.8,10个月
食品,日本,达乐美迷你白桃味果冻（果肉型）,270g,270g*6,,28.8,10个月
食品,日本,达乐美迷你葡萄味果冻（果肉型）,270g,270g*6,,28.8,10个月
食品,日本,达乐美迷你菠萝味果冻（果肉型）,270g,270g*6,,28.8,10个月
食品,韩国,东远宝成绿茶饮料,350ml,350ml*20,,12.8,12个月
食品,韩国,东远宝成抹茶味绿茶饮料,500ml,500ml*20,,17.8,12个月
食品,韩国,东远宝成绿茶饮料,1500ml,1500ml*12,,26.8,12个月
食品,日本,松屋黑糖夹心糖果,130g,130g*10,,19.9,330天
食品,日本,松屋十胜豆沙馅糖果,80g,80g*10,,21.9,330天
食品,日本,松屋十胜牛奶糖果,60g,60g*10,,21.9,330天
食品,日本,松屋奶香白巧克力风味夹心咖啡味糖果,120g,120g*10,,21.9,330天
食品,日本,松屋奶香草莓风味糖果,130g,130g*10,,21.9,330天
食品,日本,松屋咸柠檬果味糖果,100g,100g*10,,19.9,330天
食品,奥地利,澳新甜菜头汁,200ml,200ml*24,,26,24个月
食品,奥地利,澳新苹果甜菜头汁,200ml,200ml*24,,26,24个月
食品,奥地利,澳新苹果胡萝卜汁,200ml,200ml*24,,26,12个月
食品,中国,猫哆哩玫瑰花酸角糕,90g,90g*20袋,,15.9,12个月
食品,中国,喵哆哩茉莉花酸角糕,90g,90g*20袋,,15.9,12个月
食品,中国,喵哆哩洛神花酸角糕,90g,90g*20袋,,15.9,12个月
食品,中国,喵哆哩酸角糕,80g,80g*40袋,,13.8,12个月
食品,中国,喵哆哩酸角糕,160g,160g*20袋,,18.9,12个月
食品,中国,喵哆哩百香果,80g,80g*40袋,,12.8,12个月
食品,中国,喵哆哩百香果,160g,160g*20袋,,18.9,12个月
食品,中国,喵哆哩酸角果派,90g,90g*40袋,,17.9,12个月
食品,中国,喵哆哩西番莲果派,90g,90g*40袋,,17.9,12个月
食品,英国,索菲娅夫人牌蔓越莓即食混合型燕麦片（即食谷物）,270g,270g*10,,38.8,14个月
食品,英国,索菲娅夫人牌榛子果干即食混合型燕麦片（即食谷物）,270g,270g*10,,38.8,14个月
食品,英国,索菲娅夫人牌蜂蜜坚果即食混合型燕麦片（即食谷物）,270g,270g*10,,38.8,14个月
食品,英国,索菲娅夫人牌热带水果混合型燕麦片（即食谷物）,270g,270g*10,,38.8,14个月
食品,英国,索菲娅夫人牌黑莓覆盆子即食混合型燕麦片（即食谷物）,270g,270g*10,,38.8,14个月
食品,英国,索菲娅夫人牌坚果即食混合型燕麦片（即食谷物）,270g,270g*10,,38.8,14个月
食品,中国,柠檬加应子,380g,380G*16盒,,33.8,24个月
食品,中国,港式陈皮梅,380g,380G*16盒,,33.8,24个月
食品,中国,古法柠檬梅,380g,380G*16盒,,33.8,24个月
食品,中国,古法陈皮梅,100g,100G*36盒,,13.8,24个月
食品,中国,柠檬嘉应子,100g,100G*36盒,,13.8,24个月
食品,中国,古法柠檬梅,100g,100G*36盒,,13.8,24个月
食品,中国,牛肉粒（香辣味）,200g,200G*24盒,,45.8,24个月
食品,中国,牛肉粒（五香味）,200g,200G*24盒,,45.8,24个月
食品,中国,牛肉粒（原味）,200g,200G*24盒,,45.8,24个月
食品,中国,牛肉粒（沙嗲味）,200g,200G*24盒,,45.8,24个月
食品,中国,牛肉粒（XO酱味）,200g,200G*24盒,,45.8,24个月
食品,中国,牛肉糜粒（香辣味）,60g,60G*36盒,,11.8,24个月
食品,中国,牛肉糜粒（五香味）,60g,60G*36盒,,11.8,24个月
食品,中国,牛肉糜粒（沙爹味）,60g,60G*36盒,,11.8,24个月
食品,日本,阿苏山饮用天然水330ml,330ml,330ml*20,,11.8,24个月
食品,日本,阿苏熊本熊饮用天然水2L,2L,2L*6,,25,24个月
食品,日本,富士山饮用天然水2L,2L,2L*6,,21.5,24个月
食品,日本,富士山饮用天然水500ml,500ml,500ml*24,,7.5,24个月
食品,法国,甜蜜使者（粉红卷棉花棒棒糖）,80g,80g*12支,,33.8,15个月
食品,法国,甜蜜使者（水果串棉花棒棒糖）,45g,45g*20支,,23.8,15个月
食品,法国,甜蜜使者（花心棉花棒棒糖）,50g,50g*12支,,33.8,15个月
食品,法国,甜蜜使者（花朵棉花棒棒糖）,32g,32g*18支,,27.8,15个月
食品,法国,甜蜜使者（太阳花棉花棒棒糖）,68g,68g*12支,,38.8,15个月
食品,法国,甜蜜使者（鸡蛋&兔子棉花棒棒糖）,38g,38g*18支,,33.8,15个月
食品,法国,梦幻棉花糖（覆盆子口味）,32g,32g*100支,,21.8,12个月
食品,法国,梦幻棉花糖（香草口味）,32g,32g*100支,,21.8,12个月
食品,法国,梦幻棉花糖（蓝莓口味）,32g,32g*100支,,21.8,12个月
食品,法国,甜蜜使者（心形棉花棒棒糖）,39g,39g*25支,,,12个月
食品,法国,甜蜜使者（串形棉花棒棒糖）,56g,56g*20支,,,12个月
食品,泰国,爽果乐原榨紫薯凤梨汁,250ml,250ml*24,,9.9,12个月
食品,泰国,爽果乐原榨芒果汁,250ml,250ml*24,,9.9,12个月
食品,福建泉州,渔家翁暴料扇贝（原味）,60g,60g*40袋,,19.8,12个月
食品,福建泉州,渔家翁暴料扇贝（香辣味）,60g,60g*40袋,,19.8,12个月
食品,福建泉州,渔家翁暴料扇贝（蒜蓉味）,60g,60g*40袋,,19.8,12个月
食品,福建泉州,渔家翁整条秋刀鱼（香辣味）,45g,45g*40包,,7.8,12个月
食品,福建泉州,渔家翁整条秋刀鱼（烧烤味）,45g,45g*40包,,7.8,12个月
食品,日本,永田黄油味糖果,90g,90g*10,,23.8,12个月
食品,日本,永田蜜瓜味糖果,80g,80g*10,,23.8,12个月
食品,日本,永田薰衣草味糖果,80g,80g*10,,23.8,12个月
食品,德国,碧然格全麦燕麦片,500g,500g*12,,58,480天
食品,德国,碧然格巧克力味混合型麦片,375g,375g*12,,88,480天
食品,德国,碧然格水果味混合型麦片,375g,375g*12,,88,450天
食品,法国,碧活园椰片扁桃仁榛子混合型麦片,375g,375g*6,,88,480天
食品,法国,碧活园全麦燕麦片,500g,500g*6,,58,540天
食品,法国,碧活园混合水果枸杞麦片,375g,375g*6,,88,540天
食品,法国,达利瓦乐苹果果泥,90g,90g*24,,18,540天
食品,法国,达利瓦乐草莓苹果果泥,90g,90g*24,,18,540天
食品,法国,达利瓦乐香蕉苹果果泥,90g,90g*24,,18,540天
食品,法国,达利瓦乐芒果苹果果泥,90g,90g*24,,18,540天
食品,法国,达利瓦乐梨子果泥,90g,90g*24,,18,540天
食品,法国,达利瓦乐杏子桃子苹果泥90g,90g,90g*24,,18,540天
食品,法国,达利瓦乐红色浆果苹果泥90g,90g,90g*24,,18,540天
食品,韩国,不逗喵芝士鳕鱼肠,105g,105g(15g*7)*30,,15.8,9个月
食品,韩国,不逗喵蟹肉鳕鱼肠,105g,105g(15g*7)*30,,16.8,9个月
食品,韩国,多福迎四种奶酪鳕鱼肠,45g,45gx16根 x12盒/箱,,11.8,7个月
食品,韩国,多福迎金枪鱼蛋黄酱鳕鱼肠,45g,45gx16根 x12盒/箱,,11.8,7个月
食品,日本,格力高扇贝味米饼（膨化食品）,39g,39*10,,19.8,12个月
食品,日本,格力高海苔芥末味米饼（膨化食品）,39g,39g*10,,19.8,12个月
食品,日本,格力高牛油果小饼干,40g,40g*10,,30,12个月
食品,日本,格力高黄油味饼干棒,60g,60g*10,,23.8,12个月
食品,日本,格力高草莓味心型饼干棒,57.6g,57.6g*10,,28,12个月
食品,日本,格力高牛奶味注心饼干,81g,81g*5,,33.8,12个月
食品,日本,格力高草莓味注心饼干,81g,81g*5,,33.8,12个月
食品,日本,格力高咸黄油味小饼干,42g,42g*10,,24.8,12个月
食品,日本,格力高巧克力味饼干棒,72g,72g*12,,27.8,12个月
食品,日本,格力高扁桃仁巧克力味饼干棒,45g,45g*10,,29,12个月
食品,日本,格力高色拉味饼干棒,23g,23g*10,,14.6,12个月
食品,日本,格力高烧烤味饼干棒,23g,23g*10,,14.6,12个月
食品,日本,格力高混合莓果味夹心饼干,45.4g,45.4g*12,,25.3,12个月
食品,日本,格力高酸奶味夹心饼干,45.4g,45.4g*12,,25.3,12个月
食品,日本,格力高冰淇淋形混合口味饼干（焙烤食品）,87g,87g*12,,49.8,12个月
食品,日本,奥丽虹粉笔状混合水果味糖果,42g,42g*10,,19.8,13个月
食品,日本,奥丽虹混合水果味波子糖,21g,21g*10,,19.8,12个月
食品,泰国,SIMPLYTHAI香蕉脆片(蜂蜜味),50g,50g*36,,18.8,18个月
食品,泰国,SIMPLYTHAI香蕉脆片(原味),50g,50g*36,,18.8,18个月
食品,泰国,SIMPLYTHAI香蕉脆片(海苔味),50g,50g*36,,18.8,18个月
食品,泰国,SIMPLYTHAI香蕉脆片(烧烤味),50g,50g*36,,18.8,18个月
食品,日本,扇雀饴幸福的小肉爪形葡萄味软糖,57g,57g*6,,24.8,9个月
食品,日本,扇雀饴幸福的小肉爪形桃子味软糖,57g,57g*6,,24.8,9个月
食品,日本,扇雀饴柠檬混合口味硬糖,66g,66g*6,,23.8,12个月
食品,日本,扇雀饴花朵形混合水果味硬糖,61g,61g*6*1,,29.8,12个月
食品,日本,扇雀饴可乐汽水味硬糖,71g,71g*48,,28,12个月
食品,日本,扇雀饴波子汽水味硬糖,71g,71g*48,,28,12个月
食品,日本,扇雀饴幸福的小肉爪形软糖（葡萄味和橘子味）,80g,80g*72,,28.8,9个月
食品,日本,扇雀饴幸福的小肉爪形软糖（波子汽水味）,30g,30g*72,,19.8,9个月
食品,日本,扇雀饴幸福的小肉爪形软糖（可乐汽水味）,30g,30g*72,,19.8,9个月
食品,日本,扇雀饴桃子混合口味硬糖,81g,81g*48,,30,12个月
食品,日本,扇雀饴冰淇淋形抹茶味硬糖,67g,67g*48,,32,12个月
食品,日本,扇雀饴冰淇淋形香草味硬糖,67g,67g*48,,32,12个月
食品,日本,可丽丝口哨形糖果,27.5g,27.5g*20,,18,12个月
食品,日本,可丽丝蔬果店手工软糖,18g,18g*12,,19.8,12个月
食品,日本,可丽丝快乐动物园手工软糖,20g,20g*12,,19.8,12个月
食品,日本,可丽丝苹果味手工软糖,34g,34g*10,,16.8,12个月
食品,日本,可丽丝巧克力香蕉味手工软糖,36g,36g*10,,16.8,12个月
食品,日本,可丽丝欢乐钓鱼手工软糖,14g,14g*10,,19.8,12个月
食品,日本,可丽丝冰淇淋味手工软糖,37g,37g*10,,16.8,12个月
食品,法国,宜麦斯佩尔特小麦麦片,500g,500g*10,,58,14个月
食品,法国,宜麦五谷混合坚果麦片,500g,500g*10,,58,14个月
食品,法国,宜麦细燕麦片,500g,500g*10,,48,14个月
食品,法国,宜麦黑麦麦片,500g,500g*10,,48,14个月
食品,法国,巴黎耶什锦水果味系列棒棒糖,15g,15g*200,,6,24个月
食品,新西兰,nakd饮用天然水300ml,瓶/300ml,300ml*24,,16,24个月
食品,新西兰,nakd饮用天然水（含气）300ml,瓶/300ml,300ml*24,,16,18个月
食品,新西兰,nakd饮用天然水750ml,750ml,750ml*12,,26,24个月
食品,新西兰,nakd饮用天然水（含气）750ml,750ml,750ml*12,,29,18个月
食品,日本,全农牌牛蒡根味饮料350ml,350ml,350ml*24,,12.8,12个月
食品,日本,全农牌糙米茶风味饮料350ml,350ml,350ml*24,,12.8,12个月
食品,日本,全农薏苡仁饮料（植物饮料）,500g,500g*24,,19.9,12个月
食品,日本,全农冲绳柠檬水果饮料,400g,400g*24,,19.9,9个月
食品,日本,全农冲绳柑橘水果饮料,400g,400g*24,,19.9,9个月
食品,日本,全农冲绳橘子水果饮料,400g,400g*24,,19.9,9个月
食品,日本,全农冲绳菠萝水果饮料,400g,400g*24,,19.9,9个月
食品,日本,苹果果肉可吸果冻,160g,160g*12,,25.8,6个月
食品,日本,桃味可吸果冻,160g,160g*12,,25.8,6个月
食品,日本,菠萝芒果味可吸果冻,160g,160g*12,,25.8,6个月
食品,泰国,达亦多乳酸菌饮料310ml,310ml,310ml*24,,9.9,10个月
食品,泰国,达亦多乳酸菌饮料(樱花味）310ml,310ml,310ml*24,,9.9,10个月
食品,中国,家颖手撕肉干黑椒味,120g,120g*12,,28.8,365天
食品,中国,家颖手撕肉干沙嗲味,120g,120g*12,,28.8,365天
食品,中国,家颖手撕肉干五香味,120g,120g*12,,28.8,365天
食品,中国,家颖手撕肉干香辣味,120g,120g*12,,28.8,365天
食品,中国,家颖手撕肉条五香味,120g,120g*12,,28.8,365天
食品,中国,家颖猪肉粒五香味,120g,120g*12,,28.8,365天
食品,中国,福财记原味手剥大瓜子,180g,180g*30,,14.9,270天
食品,中国,福财记原味手剥大瓜子,294g,294g*30,,28,270天
食品,中国,福财记原味手剥大瓜子,68g,68g*28,,8.8,270天
食品,中国,福财记原味手剥大瓜子,128g,128g*12,,18.8,270天
食品,中国,福财记焦糖手剥大瓜子,128g,128g*12,,18.8,270天
食品,中国,福财记枣想和瓜子在一起手剥大瓜子,128g,128g*12,,18.8,270天
食品,中国,福财记原味手剥大瓜子,218g,218g*20,,32.9,270天
食品,中国,福财记原味手剥大瓜子,680g,680g*10,,59.9,180天
食品,中国,糖果智宝盒,6支,15g*6支/盒*8盒/箱,,12.8,540天
食品,中国,天有托马斯跳跃拐杖（15克）,12支,12支/盒×8盒,,6.5,540天
食品,中国,天有托马斯友谊棒棒糖（40克）,12支,12支/盒×6盒,,4.2,540天
食品,中国,小猪佩奇礼物盒糖果,,8克*9个*6盒,,13.8,365天
食品,中国,小猪佩奇公仔棒棒糖,,8克*12支*6盒,,12.8,540天
食品,中国,小猪佩奇提子干120克,,120g*18,,19.9,490天
食品,中国,小猪佩奇蔓越莓干120克,,120g*18,,23.9,435天
食品,中国,小猪佩奇泡芙（牛奶味）,,65g*12,,18.8,270天
食品,中国,小猪佩奇米果（牛奶味）,,100g*24,,19.9,270天
食品,中国,扁棒糖48克奶味,,48g*36,,9.9,365天
食品,中国,小猪佩奇异形奶片糖(牛奶味）,,40g*12,,9.9,365天
食品,中国,小猪佩奇异形奶片糖(牛奶味）,,32g*20,,5.9,365天
食品,中国,奇趣冒险蛋奶片糖,,8克x6x8,,12,365天
食品,中国,超级棒棒糖,,"8克x10x24
配1展示盒",,16,540天
食品,中国,手表带奶片糖,,8克x12x4,,15.8,365天
食品,中国,"零钱包奶片糖（内含精美玩具）方形
",,15克x12x4,,13.8,365天
食品,中国,小猪佩奇欢乐食品礼包,,91克*6盒,,暂缓,339天
食品,中国,小猪佩奇乐分享食品礼包,,82克*8盒,,暂缓,339天
食品,中国,小猪佩奇蔓越莓干,,12克*12*6,,,386天
食品,中国,小猪佩奇公仔挂件奶片糖,,16克*16支*6盒,,7.8,365天
食品,中国,小猪佩奇注心米果（草莓味）,,13克*24支*12盒,,1.9,365天
食品,中国,小猪佩奇注心米果（牛奶味）,,13克*24支*12盒,,1.9,365天
食品,中国,小猪佩奇注心米果（巧克力味）,,13克*24支*12盒,,1.9,365天
食品,中国,小猪佩奇注心米果（香蕉味）,,13克*24支*12盒,,1.9,365天
食品,中国,小猪佩奇小薯豆（果蔬味）,,80克*16盒,,12.5,365天
食品,中国,小猪佩奇小薯豆（胡萝卜味）,,80克*16盒,,12.5,365天
食品,中国,小猪佩奇小薯豆（牛奶味）,,80克*16盒,,12.5,365天
食品,中国,小猪佩奇小薯豆（草莓味）,,80克*16盒,,12.5,365天
食品,中国,超级棒棒糖（奶味）,,80克*24支,,16.8,540天
食品,中国,手提罐糖果（超人）,,80g*12罐,,,540天
食品,中国,手提罐糖果（蝙蝠侠）,,80g*12罐,,,540天
食品,中国,小猪佩奇棒棒糖（特浓牛奶味酸奶味混合）,,80g*24盒,,11.8,540天
食品,中国,小猪佩奇棒棒糖（菠萝味芒果味混合）,,80g*24盒,,11.8,540天
食品,中国,小猪佩奇棒棒糖（巧克力味草莓牛奶味混合）,,80g*24盒,,11.8,540天
食品,中国,小猪佩奇棒棒糖（水蜜桃味哈密瓜味混合）,,80g*24盒,,11.8,540天
食品,中国,小猪佩奇圆形奶片糖（原味）,,（16g*20片小盒）*12盒,,2.9,365天
食品,中国,小猪佩奇圆形奶片糖（哈密瓜味）,,（16g*10片小盒）*18盒,,2.9,365天
食品,中国,小猪佩奇圆形奶片糖（芒果味）,,（16g*10片小盒）*18盒,,2.9,365天
食品,中国,小猪佩奇圆形奶片糖（原味）,,（16g*10片小盒）*18盒,,2.9,365天
食品,中国,小猪佩奇圆形奶片糖（草莓味）,,（16g*10片小盒）*18盒,,2.9,365天
食品,中国,小猪佩奇集趣球奶片糖（铁）,,10g*12个*6盒,,11.8,365天
食品,中国,小猪佩奇集趣球糖果（塑料）,,15g*9个*8盒,,10.8,365天
食品,中国,小猪佩奇棒棒糖（巧克力牛奶味草莓牛奶味混合）,,64g*9袋*4包,,7.8,540天
食品,中国,小猪佩奇棒棒糖（水蜜桃味哈密瓜味混合）,,64g*9袋*4包,,7.8,540天
食品,中国,小猪佩奇棒棒糖（特浓牛奶味酸奶味混合）,,64g*9袋*4包,,7.8,540天
食品,中国,小猪佩奇棒棒糖（菠萝味芒果味混合）,,64g*9袋*4包,,7.8,540天
食品,中国,零钱包奶片糖（圆形）,,15g*10支*4盒,,13.8,365天
食品,中国,牛奶糖（原味）,,36*48g,,9.9,365天
食品,中国,牛奶糖（草莓味）,,36*48g,,9.9,365天
食品,中国,牛奶糖（香蕉味）,,36*48g,,9.9,365天
食品,中国,HelloKitty集趣蛋糖果,,20克*24个*2盒,,8,720天
食品,中国,HelloKitty集趣蛋糖果,,40克*18个*2盒,,9,720天
食品,中国,HelloKitty零钱包糖果,,15克*12个*4盒,,16,720天
食品,中国,HelloKitty吹波糖,,18克*20条*10盒,,2.9,720天
食品,土耳其,美味星说唱棒棒糖（迷你金链子）,,120*31g,,25,720天
食品,土耳其,美味星棒棒糖,,120*31g,,15,720天
食品,美国,上友美味星奶油旋棒棒糖系列,,120*31g,,19,720天
食品,中国台湾,上友小猪佩奇咸香蛋黄酥层,,52g*12,,19.8,365天
食品,中国台湾,上友小猪佩奇蒜香鸡汁味脆饼（饼干）,,48g*12,,19.8,365天
食品,韩国,本味红伝奶茶饮料,,275ml*24,,15.9,540天
食品,韩国,本味经典拿铁咖啡饮料,,275ml*24,,15.9,540天
食品,日本,本味大红袍茶饮料,,300ml*24,,15.9,540天
食品,日本,本味粒粒橙饮料,,290g*24,,16.9,540天
食品,日本,北海道水彩森饮用天然水,,2L*6,,16.9,730天
食品,泰国,酷椰屿芥末味香椰脆片,,48*40G,,12.8,12个月
食品,泰国,酷椰屿原味香椰脆片,,48*40G,,12.8,12个月
食品,泰国,酷椰屿巧克力味香椰脆片,,48*40G,,12.8,12个月
食品,泰国,酷椰屿100%纯椰子水,,12*1L,,24.9,15个月
食品,泰国,酷椰屿椰汁饮料,,12*1L,,24.9,15个月
食品,泰国,酷椰屿椰子芒果汁饮料,,12*1L,,24.9,15个月
食品,泰国,酷椰屿粉红宝贝100%纯椰子水,,12*1L,,37,15个月
食品,泰国,酷椰屿100%纯椰子水,,24*500ML,,15.9,15个月
食品,泰国,酷椰屿100%纯椰子水,,24*350ML,,13.5,15个月
食品,泰国,酷椰屿100%纯椰子水,,24*250ML,,9.8,15个月
食品,泰国,酷椰屿椰汁饮料,,24*350ML,,13.5,15个月
食品,泰国,酷耶屿西瓜椰子水饮料,,12*1L,,24.9,15个月
食品,中国,奇士玩具蛋（复仇者联盟、变形金刚、蜘蛛侠、驯龙高手),,20g*96（16小盒）,,9.8,18个月
食品,中国,奇士玩具蛋梦幻版（小马宝莉、冰雪奇缘),,20g*96（16小盒）,,9.8,18个月
食品,中国,奇士玩具蛋迪士尼版（维尼熊、汽车总动员、银河护卫队),,20g*96（16小盒）,,9.8,18个月
食品,中国,公仔棒棒糖,,20g*96（8小盒）,,7.8,18个月
食品,中国,奇士玩具蛋礼盒装,,80g*12,,58,18个月
食品,中国,"芭比炫动大礼
包",,25g*6盒,,58,540天
食品,中国,乐趣手压风扇,,5g/支*8支/盒*6盒,,10.8,540天
食品,中国,乐趣手压风扇,,5g/支*8支/盒*6盒,,10.8,540天
食品,中国,太空水枪（新版）,,5g/支*8支/盒*6盒,,10.8,540天
食品,中国,仿真水枪,,6支*盒,,12.8,540天
食品,中国,超越水枪,,10克8支/盒*6盒,,10.8,540天
食品,中国,钓鱼高手,,8支/盒×6盒,,13.8,540天
食品,中国,天有炫彩泡泡枪,,10g*6支/盒,,18.8,540天
食品,中国,天有神奇软弹枪,,10g*6支/盒,,15.8,540天
食品,中国,超越水枪,,10g*8支/盒*6盒/箱,,12.8,540天
食品,中国,乐高沙爹牛肉片,,80g*30,,32.8,
食品,中国,乐高沙爹牛肉粒,,80g*30,,32.8,
食品,中国,乐高咖喱牛肉片,,80g*30,,32.8,
食品,中国,乐高XO酱牛肉干,,80g*30,,32.8,
食品,中国,麻辣牛肉片,,80g*30,,32.8,
食品,中国,意大利风味牛肉干,,80g*30,,32.8,
食品,德国,卡芬妮什锦水果口味糖,,150g*10,,21.8,24个月
食品,德国,卡芬妮樱桃口味糖,,150g*10,,21.8,24个月
食品,德国,卡芬妮橙味水果糖,,150g*10,,21.8,24个月
食品,德国,卡芬妮冰极清凉糖,,150g*10,,21.8,24个月
食品,德国,卡芬妮草莓味糖,,150g*10,,21.8,24个月
食品,德国,卡芬妮野草莓口味糖,,150g*10,,21.8,24个月
食品,德国,卡芬妮青苹果味糖,,150g*10,,21.8,24个月
食品,德国,卡芬妮桃子味糖,,150g*10,,21.8,24个月
食品,德国,卡芬妮清凉薄荷味糖,,150g*10,,21.8,24个月
食品,德国,卡芬妮热带水果味糖,,150g*10,,21.8,24个月
食品,德国,卡芬妮混合水果味糖,,150g*10,,21.8,24个月
食品,德国,卡芬妮什锦水果夹心糖礼盒,,24个月,,89.9,24个月
食品,德国,飚摩无糖桉叶薄荷味糖,,45g*10,,20.2,24个月
食品,德国,飚摩无糖樱桃味糖,,45g*10,,20.2,24个月
食品,德国,飚摩无糖香橙味糖,,45g*10,,20.2,24个月
食品,德国,飚摩无糖柠檬味糖,,45g*10,,20.2,24个月
食品,德国,飚摩无糖特强薄荷味糖,,45g*10,,20.2,24个月
食品,德国,飚摩无糖什锦莓味糖,,10x45g,,20.2,24个月
食品,新西兰,惠特克扁桃仁牛奶巧克力制品,,6x36x50g,,12.8,12个月
食品,新西兰,惠特克牛奶巧克力,,6x36x50g,,12.8,12个月
食品,新西兰,惠特克黑巧克力,,6x36x50g,,12.8,12个月
食品,新西兰,惠特克加纳黑巧克力,,6x36x50g,,12.8,12个月
食品,新西兰,惠特克葡萄干扁桃仁牛奶巧克力制品,,6x36x50g,,12.8,12个月
食品,新西兰,惠特克白巧克力,,6x36x50g,,12.8,12个月
食品,新西兰,惠特克扁桃仁牛奶巧克力制品,,14x200g,,42.8,12个月
食品,新西兰,惠特克扁桃仁黑巧克力制品,,14x200g,,42.8,12个月
食品,新西兰,惠特克牛奶巧克力,,14x200g,,42.8,12个月
食品,新西兰,惠特克黑巧克力,,14x200g,,42.8,12个月
食品,新西兰,惠特克葡萄干扁桃仁牛奶巧克力制品,,14x200g,,42.8,12个月
食品,新西兰,惠特克榛果仁牛奶巧克力制品,,12x200g,,42.8,12个月
食品,新西兰,惠特克乌龙茶味黑巧克力制品,,20x100g,,39.9,12个月
食品,新西兰,惠特克苹果香草味白巧克力制品,,20x100g,,39.9,12个月
食品,新西兰,惠特克蜂蜜梨味牛奶巧克力制品,,20x100g,,39.9,12个月
食品,新西兰,惠特克海盐焦糖味牛奶巧克力制品,,20x100g,,39.9,12个月
食品,新西兰,惠特克迷你花生牛奶巧克力制品,,12x180g,,42.8,12个月
食品,新西兰,惠特克迷你牛奶巧克力,,12x180g,,42.8,12个月
食品,新西兰,惠特克迷你扁桃仁牛奶巧克力制品,,12x180g,,42.8,12个月
食品,新西兰,惠特克迷你扁桃仁蔓越莓黑巧克力制品,,12x180g,,42.8,12个月
食品,新西兰,惠特克迷你柠檬汽水味跳跳糖白巧克力制品,,12x180g,,42.8,12个月
食品,新西兰,惠特克迷你跳跳糖牛奶巧克力制品,,12x180g,,42.8,12个月
食品,新西兰,惠特克牛奶巧克力礼盒168,,6X168g,,108,12个月
食品,新西兰,惠特克黑巧克力礼盒168g,,6X168g,,108,12个月
食品,新西兰,惠特克巧克力礼盒168g,,6X168g,,108,12个月
食品,新西兰,惠特克巧克力礼盒315g,,5X315g,,188,12个月
食品,新西兰,惠特克迷你巧克力制品礼盒,,10X270g,,88,12个月
食品,瑞士,瑞士狄妮诗扁桃仁牛奶巧克力脆饼,,10X100g,,34.9,12个月
食品,瑞士,瑞士狄妮诗黄油饼干,,10X90g,,34.9,12个月
食品,瑞士,瑞士狄妮诗扁桃仁黄油饼干,,10X90g,,34.9,12个月
食品,瑞士,狄妮诗榛子奶油夹心巧克力酥饼,,10X100g,,34.9,12个月
食品,瑞士,瑞士狄妮诗榛子黑巧克力威化脆饼,,10X100g,,34.9,12个月
食品,瑞士,瑞士狄妮诗香浓巧克力脆心馅饼,,10X100g,,34.9,12个月
食品,瑞士,瑞士狄妮诗榛子巧克力雪白酥饼,,10X100g,,34.9,12个月
食品,瑞士,瑞士狄妮诗榛子巧克力夹心酥饼,,10X100g,,34.9,12个月
食品,瑞士,瑞士狄妮诗榛果粒巧克力饼干,,10X80g,,34.9,12个月
食品,瑞士,瑞士狄妮诗扁桃仁香草夹心脆饼,,10X100g,,34.9,12个月
食品,瑞士,瑞士狄妮诗草莓夹心脆饼,,10X90g,,34.9,12个月
食品,瑞士,瑞士狄妮诗扁桃仁黄油酥饼,,6X175g,,34.9,12个月
食品,瑞士,瑞士狄妮诗黄油酥饼,,6X175g,,34.9,12个月
食品,瑞士,瑞士狄妮榛子黄油酥饼,,6X175g,,34.9,12个月
食品,瑞士,优质什锦巧克力饼干礼盒,,6X350g,,188,12个月
食品,瑞士,瑞士狄妮诗榛子牛奶巧克力威化脆饼,,6X200g,,88,12个月
食品,瑞士,瑞士狄妮诗榛子牛奶巧克力威化脆饼,,9*130g,,39.8,12个月
食品,瑞士,瑞士狄妮诗榛子牛奶巧克力威化脆饼,,9*130g,,39.8,12个月
食品,瑞士,瑞士狄妮诗威化饼干礼盒,,88g,,49.8,12个月
食品,瑞士,什锦巧克力饼干礼盒,,6X400g,,168,12个月
食品,德国,德国哈骑仕经典排块巧克力,,10x100g,,42.8,15个月
食品,德国,德国哈骑仕黑巧克力礼盒,,6*160g,,108,18个月
食品,德国,德国哈骑仕黑排块巧克力,,10x100g,,42.8,18个月
食品,德国,哈骑仕黑莓黑巧克力制品,,10x100g,,42.8,18个月
食品,德国,德国哈骑仕88%纯正克鲁黑巧克力,,10x100g,,42.8,18个月
食品,德国,哈骑仕34%迷你排块牛奶巧克力,,8*165g,,88,15个月
食品,德国,哈骑仕43%迷你排块牛奶巧克力,,8*165g,,88,15个月
食品,德国,哈骑仕58%迷你排块黑巧克力,,8*165g,,88,18个月
食品,德国,哈骑仕73%迷你排块黑巧克力,,8*165g,,88,18个月
食品,英国,殿斯圆形黄油饼干,,24x160g,,32.6,14个月
食品,英国,殿斯指形黄油饼干,,20x280g,,71,14个月
食品,英国,殿斯精选什锦黄油饼干,,12x480g,,115.7,14个月
食品,英国,殿斯圆形巧克力黄油饼干,,8x160g,,39.3,14个月
食品,英国,殿斯圆形烤椰子黄油饼干,,8x160g,,39.3,14个月
食品,英国,殿斯圆形核桃黄油饼干,,8x160g,,39.3,14个月
食品,英国,殿斯圆形黄油饼干,,8x160g,,39.3,14个月
食品,英国,殿斯圆形奶油糖味黄油饼干,,8x160g,,39.3,14个月
食品,英国,殿斯指形黄油饼干,,12x150g,,35.3,14个月
食品,英国,殿斯迷你黄油饼干,,18x100g,,27.8,14个月
食品,英国,殿斯迷你巧克力黄油饼干,,18x90g,,27.8,14个月
食品,英国,殿斯燕麦饼干,,18x80g,,27.8,14个月
食品,英国,殿斯圆形黄油饼干礼盒,,6x200g,,88,14个月
食品,英国,殿斯什锦黄油饼干,,5x380g,,174.3028366,14个月
食品,英国,殿斯什锦黄油饼干,,6x500g,,228,14个月
食品,英国,殿斯精选什锦黄油饼干（礼罐装）,,4x600g,,273.6,14个月
食品,英国,殿斯黄油饼干礼盒（锣鼓礼罐）,,4*450g,,228,14个月
食品,英国,殿斯指形黄油饼干礼盒,,5*300g,,138,14个月
食品,瑞士,瑞士帕蒂诗牛奶巧克力酥饼,,100g*10,,28.8,12个月
食品,瑞士,瑞士帕蒂诗巧克力夹心扁桃仁酥饼,,100g*10,,28.8,12个月
食品,瑞士,瑞士帕蒂诗榛子巧克力脆饼,,100g*10,,28.8,12个月
食品,瑞士,瑞士帕蒂诗牛奶巧克力威化饼干,,160g*10,,28.8,12个月
食品,瑞士,瑞士帕蒂诗巧克力饼干,,125g*10,,28.8,12个月
食品,瑞士,瑞士帕蒂诗牛奶巧克力饼干,,125g*10,,28.8,12个月
食品,瑞士,瑞士帕蒂诗经典组合装,,350g*5,,79.9,12个月
食品,瑞士,瑞士帕蒂诗组合装,,20*300g,,79.9,12个月
食品,美国,宝维尔淡黄油味爆米花膨化食品,,170g*12,,25.8,18个月
食品,美国,宝维尔黄油味爆米花膨化食品,,183g*12,,25.8,18个月
食品,美国,宝维尔特浓黄油味爆米花膨化食品,,191g*12,,25.8,18个月
食品,法国, 法国进口康婷天然矿泉水1500ml,,规格:1500ml*12瓶/箱,,216,
食品,法国, 法国进口康婷天然矿泉水500ml,,"规格:500ml*4瓶,500ml*24瓶/箱",,48,
日用品,意大利, IHC秝客煎锅（不带锅盖）,,规格:FP20*3.8,,436,
日用品,意大利, IHC秝客烤盘,,规格:32*2.5/C,,919,
日用品,意大利, IHC秝客炒锅,,规格:WOK30*8.8/C,,815,
日用品,意大利, IHC长柄中式炒锅（32cm款）,,规格:SP32*9.5/C,,1550,
日用品,意大利, IHC双耳炒锅,,规格:CP34*10/C,,1723,
日用品,意大利, IHC长柄煎锅（26cm款）,,规格:FP26*5.8/C,,1198,
日用品,意大利, IHC长柄煎锅（24cm款）,,规格:FP24*5.5/C,,1098,
日用品,意大利, IHC煎蛋锅,,规格:FP16x4,,653,
日用品,意大利, IHC长柄炒锅（蓝色）,,规格:30*9.6cm,,1264,
日用品,意大利, IHC长柄炒锅（黄色）,,规格:30*9.6cm,,1264,
日用品,意大利, IHC长柄炒锅（红色）,,规格:30*9.6cm,,1264,
日用品,意大利, IHC煎炒锅（蓝色）,,规格:26*8.6cm,,1149,
日用品,意大利, IHC煎炒锅（黄色）,,规格:26*8.6cm,,1149,
日用品,意大利, IHC煎炒锅（红色）,,规格:26*8.6cm,,1149,
日用品,意大利, IHC长柄煎锅（蓝色）,,规格:26*5.8cm,,1126,
日用品,意大利, IHC长柄煎锅（黄色）,,规格:26*5.8cm,,1126,
日用品,意大利, 云系汤锅24cm款（蓝色）,,规格:24*13.6cm,,919,
日用品,意大利, 云系汤锅24cm款（黄色）,,规格:24*13.6cm,,919,
日用品,意大利, 云系汤锅24cm款（红色）,,规格:24*13.6cm,,919,
日用品,意大利, 云系汤锅20cm款（蓝色）,,规格:20*11.6cm,,804,
日用品,意大利, 云系汤锅20cm款（黄色）,,规格:20*11.6cm,,804,
日用品,意大利, 云系汤锅20cm款（红色）,,规格:20*11.6cm,,804,
日用品,意大利, 云系长柄奶锅（蓝色）,,规格:16*10cm,,562,
日用品,意大利, 云系长柄奶锅(黄色),,规格:16*10cm,,562,
日用品,意大利, 云系长柄奶锅（红色）,,规格:16*10cm,,562,
日化品,法国, 欧树植物奶舒缓补水清爽面膜,,规格:50ml,,270,
日化品,法国, 欧树植物奶舒缓滋润轻,,规格:50ml,,250,
日化品,法国, 欧树玫瑰舒缓洁面卸妆凝胶,,规格:125ml,,240,
日化品,法国, 欧树抚纹抗皱轻盈乳液,,规格:50ml,,265,
食品,意大利, 弗瑞嘉葡萄籽油1L,,净含量:1.0L,,128,
食品,意大利, 弗瑞嘉橄榄油1L,,净含量:1.0L,,128,
食品,意大利, 弗瑞嘉嘉莫莉系列芥花油1L,,净含量:1.0L,,99,
食品,意大利, 弗瑞嘉芥花油5L-方瓶（目前没有资料）,,净含量:5.0L,,0,
食品,意大利, 弗瑞嘉特级初榨橄榄油-细脖方瓶1L意大利,,净含量:1.0L,,189,
食品,意大利, 弗瑞嘉初榨椰子油473m,,473ml:473ml,,138,
食品,意大利, 弗瑞嘉葡萄籽油500ml*2瓶,,500ml*2:500ml*2,,138,
食品,意大利, 弗瑞嘉橄榄油1L*2瓶,,1000ml*2:1000ml*2,,188,
食品,意大利, 弗瑞嘉葡萄籽油1L*2瓶,,1000ml*2:1000ml*2,,168,
食品,意大利, 弗瑞嘉玉米油GLASS1L,,净含量:1.0L,,78,
食品,意大利, 弗瑞嘉特级初榨橄榄油ROUNDJUG1L,,净含量:1.0L,,168,
食品,意大利, 弗瑞嘉葡萄籽油标准瓶500ml,,净含量:500ml,,88,
食品,意大利, 弗瑞嘉葡萄籽油标准瓶1L,,1000ml:1000ml,,168,
食品,意大利, 弗瑞嘉葵花油GLASS1L,,1000ml:1000ml,,48,
食品,意大利, 弗瑞嘉芥花籽油GLASS1L,,1000ml:1000ml,,78,
食品,意大利, 弗瑞嘉初榨玉米油礼盒1L*2,,1000ml*2:1000ml*2,,168,
食品,意大利, 弗瑞嘉初榨葡萄油礼盒1L*2,,1000ml*2:1000ml*2,,299,
食品,意大利, 弗瑞嘉初榨芥花油礼盒1L*2,,1000ml*2:1000ml*2,,188,
日用品,意大利, 汤锅（泡面吧）,,规格:24*12.5cm,,426,
日用品,意大利, 柏林刀具2件套,,规格:180mm/184mm,,390,
日用品,意大利, 椭圆肉排煎盘,,规格:31*26*4.8cm,,2267,
日用品,意大利, 平底锅,,规格:24*7.4cm,,1941,
日用品,意大利, 奶锅,,规格:14*9.5cm,,1127,
日化品,法国, 欧树玫瑰洁面膜,,化妆品规格:50ml,,260,
日化品,法国, 欧树植物奶舒缓滋润精华液,,化妆品规格:30ml,,320,
日化品,法国, 欧树槐花蜜特润滋养晚霜,,净含量:50ml,,250,
日化品,法国, 欧树槐花蜜特润滋养日霜,,净含量:50ml,,260,
日化品,法国, 欧树防护保湿晚霜,,净含量:200ml,,290,
日化品,法国, 欧树芳香焕颜洁净细肤水,,净含量:200ml,,300,
日化品,法国, 欧树芳香洁面凝胶,,净含量:200ml,,250,
日化品,法国, 欧树玫瑰舒柔洁颜卸妆乳,,化妆品规格:200ml,,240,
日化品,法国, 欧树玫瑰舒缓洁颜卸妆水,,化妆品规格:200ml,,200,
日化品,法国, 欧树抚纹抗皱特润霜,,化妆品规格:50ml,,260,
日化品,法国, 欧树抚纹抗皱霜,,化妆品规格:50ml,,190,
日化品,法国, 欧树玫瑰舒缓洁面泡沫,,化妆品规格:150ml,,240,
日化品,法国, 欧树芳香焕颜润肤乳液,,化妆品规格:100ml,,400,
食品,意大利, 弗瑞嘉特级初榨橄榄油ROUNDJUG1L,,颜色:红色,,138,
食品,意大利, 弗瑞嘉玉米油TIN4L,,颜色:红色,,198,
食品,意大利, 弗瑞嘉玉米油GLASS1L,,"粮油米面:1L,3L",,349,
食品,意大利, 弗瑞嘉葵花油5L,,"颜色:银白色,金色",,89,
食品,意大利, 弗瑞嘉葵花油GLASS1L,,颜色:黑色,,39,
食品,意大利, 弗瑞嘉芥花籽油GLASS1L,,"颜色:银白色,金色",,56,
酒类,意大利, 费尔西纳·红塔红葡萄酒,,饮料:750ml,,488,
酒类,意大利, 费尔西纳·古典康帝红葡萄酒,,饮料:750ml,,268,
酒类,意大利, 费尔西纳·村庄康帝红葡萄酒,,饮料:750ml,,168,
酒类,意大利, 高贝安·战神红葡萄酒,,规格:750ml,,388,
酒类,意大利, 高贝安·宝石红葡萄酒,,规格:750ml,,338,
酒类,意大利, 高贝安·巴贝拉红葡萄酒,,规格:750ml,,228,
酒类,意大利, 高贝安·长相思白葡萄酒,,规格:750ml,,228,
酒类,意大利, 宝丽·黑达沃拉葡萄酒,,规格:750ml,,198,
日用品,意大利, 长柄奶锅（泡面吧）,,规格:18*9.5cm,,339,
日用品,意大利, 佩格刀具6件套,,规格:1套,,1299,
日用品,意大利, 浅煎盘,,规格:28*5.4cm,,1598,
日用品,意大利, IHC秝客煎锅,,规格:FP20*3.8,,889,
日用品,意大利, IHC长柄中式炒锅（28cm款）,,规格:SP28*8.5/C,,1598,
日用品,意大利, IHC长柄煎锅（红色）,,规格:26*5.8cm,,1126,
日化品,意大利,宜乐歌垂直洗发乳250ml,250ml,,,99,
日化品,意大利,宜乐歌炫亮发膜150ml,150ml,,,119,
日化品,意大利,宜乐歌清爽洗发乳750ml,750ml,,,199,
日化品,意大利,宜乐歌清爽洗发乳250ml,250ml,,,99,
日化品,意大利,宜乐歌修护洗发乳250ml,250ml,,,99,
日化品,意大利,宜乐歌营养丝滑发膜150ml,150ml,,,119,
日化品,意大利,宜乐歌防屑洗发乳250ml,250ml,,,99,
日化品,意大利,宜乐歌防屑洗发乳750ml,750ml,,,199,
日化品,意大利,宜乐歌头防屑发膜150ml,150ml,,,99,
日化品,意大利,宜乐歌男性活力洗发乳750ml,,,,199,
日化品,意大利,英德仕男士人参保湿沐浴洗发露250mL,,,,58,
日化品,意大利,英德仕男士芦荟洗发沐浴露500mL,,,,78,
日化品,意大利,英德仕男士芦荟清爽洗发沐浴露250mL,,,,58,
日化品,意大利,英德仕男士香体沐浴洗发露250mL,,,,58,
日化品,意大利,英德仕男士焕新沐浴洗发露250mL,,,,58,
日化品,意大利,英德仕男士去屑洗发露300mL,,,,68,
日化品,意大利,英德仕男士活力洗发露300mL,,,,58,
日化品,意大利,英德仕男士香体喷雾(依兰花香)150mL,,,,88,
日化品,意大利,英德仕男士活力香体喷雾150mL,,,,78,
日化品,意大利,英德仕男士鳄梨油滋润剃须膏300mL,,,,78,
日化品,意大利,英德仕男士须后舒缓冰爽露100mL,,,,88,
日化品,意大利,英德仕男士火山泥净透洁面乳150mL,,,,58,
日化品,意大利,英德仕男士植物抑菌私密护理液200mL,,,,88,
日化品,意大利,英德仕男士唤醒保湿须后润肤乳,,,,149,
日化品,意大利,德康美天使微笑少儿牙膏（草莓味）75ml,,,,29,
日化品,意大利,德康美天使微笑少儿牙膏（综合水果味）75ml,,,,29,
日化品,意大利,德康美快乐成长儿童牙膏75ml,,,,29,
日化品,意大利,德康美速清-轻柔软毛牙刷,,,,29,
日化品,意大利,德康美幼儿-柔护牙刷,,,,29,
日化品,意大利,德康美少儿-速清牙刷,,,,29,
日化品,意大利,薇倪丝天然植萃洗洁精浓缩型-柠檬苹果香500ml,,,,29,
日化品,意大利,薇倪丝天然植萃洗洁精浓缩型-芦荟香500ml,,,,29,
日化品,意大利,薇倪丝天然植萃多表面去油喷雾剂（环保版）500ml,,,,36,
日化品,意大利,薇倪丝天然马赛皂多表面去油喷雾剂（环保版）500ml,,,,36,
日化品,意大利,杜班洁柔洗衣皂液（兰花香）,,,,69.9,
日化品,意大利,杜班倍亲衣物柔顺剂(兰花茉莉香),,,,49.9,
日化品,意大利,杜班倍亲衣物柔顺剂(坚果香),,,,49.9,
日化品,意大利,杜班衣领净,,,,49.5,
日化品,意大利,杜班洗衣机水垢清洁剂,,,,69,
日化品,意大利,杜班洗洁精(柑橘香型),,,,23,
日化品,意大利,杜班洗洁精(青柠香型),,,,23,
日化品,意大利,杜班浓缩洗洁精(青柠香)300ml,,,,21,
日化品,意大利,杜班厨房油污净(柠檬香),,,,39,
日化品,意大利,杜班厨房油污净(薰衣草香),,,,39,
日化品,意大利,杜班厨房重油污清洁剂,,,,51,
日化品,意大利,淋浴乳250ml+滋养霜300ml,,,,137,
日化品,意大利,沐浴乳500ml+滋养霜300ml,,,,176,
日化品,意大利,淋浴乳250ml+滋养霜300ml,,,,137,
日化品,意大利,沐浴乳500ml+滋养霜300ml,,,,176,
日化品,意大利,淋浴乳250ml+滋养霜300ml,,,,137,
日化品,意大利,沐浴乳500ml+滋养霜300ml,,,,176,
日化品,意大利,淋浴乳250ml+滋养霜300ml,,,,137,
日化品,意大利,沐浴乳500ml+滋养霜300ml,,,,176,
